V,A
-1.70858,-4.20478e-05
-1.7053786570713392,-4.1346775437045704e-05
-1.7021773141426784,-4.064575087409141e-05
-1.6989759712140176,-3.994472631113711e-05
-1.6957746282853567,-3.930482422207164e-05
-1.692573285356696,-3.9125080277589544e-05
-1.6893719424280351,-3.8945336333107456e-05
-1.6861705994993743,-3.876559238862536e-05
-1.6829692565707133,-3.86200902805488e-05
-1.6797679136420525,-3.8586361414674e-05
-1.6765665707133917,-3.855263254879921e-05
-1.6733652277847308,-3.851890368292441e-05
-1.67016388485607,-3.845893113954944e-05
-1.6669625419274092,-3.81507466870981e-05
-1.6637611989987484,-3.784256223464675e-05
-1.6605598560700876,-3.753437778219541e-05
-1.6573585131414268,-3.730381077126778e-05
-1.654157170212766,-3.7160020766676366e-05
-1.6509558272841052,-3.701623076208495e-05
-1.6477544843554444,-3.6872440757493534e-05
-1.6445531414267835,-3.670735915586916e-05
-1.6413517984981227,-3.652744471430674e-05
-1.6381504555694617,-3.634753027274431e-05
-1.634949112640801,-3.616761583118189e-05
-1.63174776971214,-3.6038860754503063e-05
-1.6285464267834793,-3.593102468980231e-05
-1.6253450838548185,-3.582318862510157e-05
-1.6221437409261577,-3.5715352560400815e-05
-1.6189423979974968,-3.5577781560901245e-05
-1.615741055068836,-3.543399155630983e-05
-1.6125397121401752,-3.529020155171841e-05
-1.6093383692115144,-3.5146411547126996e-05
-1.6061370262828536,-3.51384e-05
-1.6029356833541928,-3.51384e-05
-1.599734340425532,-3.51384e-05
-1.5965329974968712,-3.51384e-05
-1.5933316545682104,-3.503624190474613e-05
-1.5901303116395495,-3.490939967025954e-05
-1.5869289687108885,-3.4782557435772956e-05
-1.5837276257822277,-3.463599851659857e-05
-1.5805262828535669,-3.447000912358873e-05
-1.577324939924906,-3.43040197305789e-05
-1.5741235969962453,-3.413803033756906e-05
-1.5709222540675845,-3.3978674631644343e-05
-1.5677209111389236,-3.383485887208166e-05
-1.5645195682102628,-3.3691043112518966e-05
-1.561318225281602,-3.354722735295628e-05
-1.5581168823529412,-3.3433342420668754e-05
-1.5549155394242804,-3.3361402419751745e-05
-1.5517141964956196,-3.3289462418834736e-05
-1.5485128535669588,-3.3217522417917733e-05
-1.5453115106382977,-3.310699931942281e-05
-1.542110167709637,-3.2963183559860125e-05
-1.5389088247809761,-3.281936780029743e-05
-1.5357074818523153,-3.267555204073475e-05
-1.5325061389236545,-3.257878498580788e-05
-1.5293047959949937,-3.250690286099781e-05
-1.5261034530663329,-3.2435020736187734e-05
-1.522902110137672,-3.2363138611377654e-05
-1.5197007672090113,-3.223568392991239e-05
-1.5164994242803504,-3.209175237666246e-05
-1.5132980813516896,-3.1947820823412526e-05
-1.5100967384230288,-3.180388927016259e-05
-1.506895395494368,-3.1692143692155424e-05
-1.5036940525657072,-3.158430762745468e-05
-1.5004927096370464,-3.147647156275393e-05
-1.4972913667083856,-3.1368635267696854e-05
-1.4940900237797246,-3.1260773448024827e-05
-1.4908886808510637,-3.115291162835281e-05
-1.487687337922403,-3.10450498086808e-05
-1.4844859949937421,-3.093718028211593e-05
-1.4812846520650813,-3.0829257392886436e-05
-1.4780833091364205,-3.0721334503656944e-05
-1.4748819662077597,-3.061341161442745e-05
-1.4716806232790989,-3.05055037835307e-05
-1.468479280350438,-3.0397641963858686e-05
-1.4652779374217773,-3.028978014418667e-05
-1.4620765944931164,-3.0181918324514655e-05
-1.4588752515644556,-3.009648143422813e-05
-1.4556739086357946,-3.005025514624962e-05
-1.4524725657071338,-3.0004028858271112e-05
-1.449271222778473,-2.9957802570292608e-05
-1.4460698798498122,-2.9825952415047107e-05
-1.4428685369211514,-2.966407318771105e-05
-1.4396671939924905,-2.9502193960374996e-05
-1.4364658510638297,-2.9340314733038937e-05
-1.433264508135169,-2.9167690525143556e-05
-1.4300631652065081,-2.8987946580661465e-05
-1.4268618222778473,-2.8808202636179374e-05
-1.4236604793491865,-2.8628458691697283e-05
-1.4204591364205257,-2.8465099102477746e-05
-1.4172577934918649,-2.8308151789803102e-05
-1.414056450563204,-2.815120447712846e-05
-1.4108551076345432,-2.7998158915543097e-05
-1.4076537647058824,-2.78654707375868e-05
-1.4044524217772216,-2.77327825596305e-05
-1.4012510788485608,-2.7600094381674205e-05
-1.3980497359198998,-2.74674062037179e-05
-1.394848392991239,-2.7324025105234197e-05
-1.3916470500625782,-2.7180119327692222e-05
-1.3884457071339174,-2.7036213550150247e-05
-1.3852443642052565,-2.6897607199204152e-05
-1.3820430212765957,-2.682569931942281e-05
-1.378841678347935,-2.6753791439641463e-05
-1.375640335419274,-2.668188355986012e-05
-1.3724389924906133,-2.6589394115784308e-05
-1.3692376495619525,-2.640965017130222e-05
-1.3660363066332917,-2.6229906226820133e-05
-1.3628349637046306,-2.6050162282338032e-05
-1.3596336207759698,-2.5859286908202475e-05
-1.356432277847309,-2.5643415354035533e-05
-1.3532309349186482,-2.542754379986859e-05
-1.3500295919899874,-2.5211672245701644e-05
-1.3468282490613266,-2.5057488023968013e-05
-1.3436269061326658,-2.498558014418667e-05
-1.340425563204005,-2.4913672264405327e-05
-1.3372242202753442,-2.484176438462398e-05
-1.3340228773466833,-2.4730627065378388e-05
-1.3308215344180225,-2.4586837060786968e-05
-1.3276201914893617,-2.4443047056195552e-05
-1.324418848560701,-2.4299257051604132e-05
-1.32121750563204,-2.4155373200074978e-05
-1.3180161627033793,-2.401144164682504e-05
-1.3148148197747185,-2.3867510093575103e-05
-1.3116134768460577,-2.3723578540325167e-05
-1.3084121339173969,-2.3595847155819775e-05
-1.305210790988736,-2.3472595453066335e-05
-1.302009448060075,-2.3349343750312885e-05
-1.2988081051314142,-2.321454584573099e-05
-1.2956067622027534,-2.301908526993583e-05
-1.2924054192740926,-2.2823624694140676e-05
-1.2892040763454318,-2.262816411834552e-05
-1.286002733416771,-2.2432981636465874e-05
-1.2828013904881101,-2.2253067194903452e-05
-1.2796000475594493,-2.2073152753341033e-05
-1.2763987046307885,-2.189323831177861e-05
-1.2731973617021277,-2.173180845561262e-05
-1.269996018773467,-2.168558216763411e-05
-1.2667946758448059,-2.1639355879655603e-05
-1.263593332916145,-2.1593129591677096e-05
-1.2603919899874843,-2.1423876063778567e-05
-1.2571906470588234,-2.1138663130355244e-05
-1.2539893041301626,-2.0853450196931924e-05
-1.2507879612015018,-2.05682372635086e-05
-1.247586618272841,-2.04125612273694e-05
-1.2443852753441802,-2.0313027269052908e-05
-1.2411839324155194,-2.0213493310736415e-05
-1.2379825894868586,-2.0113959352419925e-05
-1.2347812465581978,-2.0045567312361065e-05
-1.231579903629537,-2.000958442404858e-05
-1.2283785607008761,-1.9973601535736095e-05
-1.2251772177722153,-1.9937618647423612e-05
-1.2219758748435545,-1.9835829438870193e-05
-1.2187745319148937,-1.9692039434278773e-05
-1.215573188986233,-1.9548249429687354e-05
-1.212371846057572,-1.9404459425095934e-05
-1.209170503128911,-1.9341139690698065e-05
-1.2059691602002505,-1.9307937055271542e-05
-1.2027678172715894,-1.9274734419845013e-05
-1.1995664743429286,-1.924153178441849e-05
-1.1963651314142678,-1.9158010089107523e-05
-1.193163788485607,-1.9028627629239736e-05
-1.1899624455569462,-1.8899245169371946e-05
-1.1867611026282854,-1.8778409047602223e-05
-1.1835597596996246,-1.867880114132264e-05
-1.1803584167709635,-1.8579193235043055e-05
-1.1771570738423027,-1.8479585328763476e-05
-1.173955730913642,-1.8376330214729385e-05
-1.170754387984981,-1.8232540210137966e-05
-1.1675530450563203,-1.8088750205546546e-05
-1.1643517021276595,-1.7944960200955127e-05
-1.1611503591989987,-1.780833143579232e-05
-1.1579490162703379,-1.7700382770854868e-05
-1.154747673341677,-1.759243410591742e-05
-1.1515463304130162,-1.7484485440979966e-05
-1.1483449874843554,-1.738807638822462e-05
-1.1451436445556946,-1.7316168508443278e-05
-1.1419423016270338,-1.7244260628661935e-05
-1.138740958698373,-1.717235274888059e-05
-1.1355396157697122,-1.7116183700713986e-05
-1.1323382728410514,-1.7080255515794584e-05
-1.1291369299123906,-1.7044327330875182e-05
-1.1259355869837298,-1.7008399145955776e-05
-1.122734244055069,-1.7012345084888717e-05
-1.1195329011264081,-1.7048302197493243e-05
-1.1163315581977473,-1.7084259310097765e-05
-1.1131302152690865,-1.712021642270229e-05
-1.1099288723404255,-1.71319e-05
-1.1067275294117647,-1.71319e-05
-1.1035261864831039,-1.71319e-05
-1.100324843554443,-1.71319e-05
-1.0971235006257822,-1.7046458947064765e-05
-1.0939221576971214,-1.6938622882364017e-05
-1.0907208147684606,-1.6830786817663272e-05
-1.0875194718397996,-1.672295075296252e-05
-1.0843181289111388,-1.6680470756521336e-05
-1.081116785982478,-1.664448786820885e-05
-1.0779154430538171,-1.6608504979896367e-05
-1.0747141001251563,-1.6568215565353705e-05
-1.0715127571964955,-1.6388471620871615e-05
-1.0683114142678347,-1.6208727676389527e-05
-1.065110071339174,-1.6028983731907436e-05
-1.061908728410513,-1.5865114398408306e-05
-1.0587073854818523,-1.5793206518626964e-05
-1.0555060425531915,-1.572129863884562e-05
-1.0523046996245307,-1.5649390759064275e-05
-1.0491033566958698,-1.5558472569855524e-05
-1.045902013767209,-1.5414682565264104e-05
-1.0427006708385482,-1.5270892560672685e-05
-1.0394993279098874,-1.5127102556081267e-05
-1.0362979849812266,-1.4969532988598877e-05
-1.0330966420525658,-1.478964432274442e-05
-1.029895299123905,-1.4609755656889962e-05
-1.0266939561952442,-1.4429866991035505e-05
-1.0234926132665834,-1.4322247611586086e-05
-1.0202912703379226,-1.4286293671695414e-05
-1.0170899274092615,-1.425033973180474e-05
-1.0138885844806007,-1.4214385791914067e-05
-1.01068724155194,-1.42007e-05
-1.007485898623279,-1.42007e-05
-1.0042845556946183,-1.42007e-05
-1.0010832127659575,-1.42007e-05
-0.9978818698372967,-1.406822482970694e-05
-0.9946805269086358,-1.3888379604728082e-05
-0.9914791839799749,-1.3708534379749216e-05
-0.9882778410513141,-1.3528689154770358e-05
-0.9850764981226533,-1.3430241320240267e-05
-0.9818751551939925,-1.3345481219077084e-05
-0.9786738122653317,-1.3260721117913902e-05
-0.9754724693366709,-1.3158015688839642e-05
-0.9722711264080101,-1.2996197524961654e-05
-0.9690697834793491,-1.2834379361083658e-05
-0.9658684405506883,-1.267256119720567e-05
-0.9626670976220275,-1.25257e-05
-0.9594657546933667,-1.25257e-05
-0.9562644117647059,-1.25257e-05
-0.9530630688360451,-1.25257e-05
-0.9498617259073843,-1.25257e-05
-0.9466603829787233,-1.25257e-05
-0.9434590400500625,-1.25257e-05
-0.9402576971214017,-1.25257e-05
-0.9370563541927409,-1.2513874993587079e-05
-0.9338550112640801,-1.2477912374061766e-05
-0.9306536683354193,-1.2441949754536456e-05
-0.9274523254067585,-1.2405987135011143e-05
-0.9242509824780977,-1.2321798061943327e-05
-0.9210496395494367,-1.2177947583842075e-05
-0.9178482966207759,-1.2034097105740827e-05
-0.9146469536921151,-1.189024662763958e-05
-0.9114456107634543,-1.1746410709683474e-05
-0.9082442678347935,-1.1602585992770999e-05
-0.9050429249061327,-1.1458761275858525e-05
-0.9018415819774719,-1.131493655894605e-05
-0.898640239048811,-1.1195664744378082e-05
-0.8954388961201502,-1.1087768203373481e-05
-0.8922375531914893,-1.0979871662368882e-05
-0.8890362102628285,-1.0871975121364284e-05
-0.8858348673341677,-1.08506e-05
-0.8826335244055069,-1.08506e-05
-0.8794321814768461,-1.08506e-05
-0.8762308385481852,-1.08506e-05
-0.8730294956195244,-1.08506e-05
-0.8698281526908636,-1.08506e-05
-0.8666268097622027,-1.08506e-05
-0.8634254668335419,-1.08506e-05
-0.8602241239048811,-1.0758099640688852e-05
-0.8570227809762203,-1.0628667206908406e-05
-0.8538214380475594,-1.0499234773127955e-05
-0.8506200951188986,-1.0384118320888033e-05
-0.8474187521902378,-1.0284525212990014e-05
-0.844217409261577,-1.0184932105091993e-05
-0.8410160663329161,-1.0085338997193973e-05
-0.8378147234042553,-1.00131e-05
-0.8346133804755945,-1.00131e-05
-0.8314120375469337,-1.00131e-05
-0.8282106946182728,-1.00131e-05
-0.825009351689612,-1.00131e-05
-0.8218080087609512,-1.00131e-05
-0.8186066658322904,-1.00131e-05
-0.8154053229036295,-1.00131e-05
-0.8122039799749687,-9.959538773914604e-06
-0.8090026370463079,-9.747331344560039e-06
-0.805801294117647,-9.535123915205465e-06
-0.8025999511889862,-9.322916485850898e-06
-0.7993986082603254,-9.136027808904136e-06
-0.7961972653316646,-9.006579918659185e-06
-0.7929959224030038,-8.877132028414235e-06
-0.789794579474343,-8.749806196291751e-06
-0.7865932365456821,-8.650229997464892e-06
-0.7833918936170212,-8.55065379863803e-06
-0.7801905506883604,-8.451077599811172e-06
-0.7769892077596996,-8.351501400984314e-06
-0.7737878648310388,-8.33812e-06
-0.770586521902378,-8.33812e-06
-0.7673851789737172,-8.33812e-06
-0.7641838360450564,-8.33812e-06
-0.7609824931163955,-8.33812e-06
-0.7577811501877346,-8.33812e-06
-0.7545798072590738,-8.33812e-06
-0.751378464330413,-8.330761978524294e-06
-0.7481771214017522,-8.258844467830302e-06
-0.7449757784730914,-8.18692695713631e-06
-0.7417744355444306,-8.115009446442317e-06
-0.7385730926157698,-8.027234439539931e-06
-0.7353717496871088,-7.883401994270818e-06
-0.732170406758448,-7.739569549001711e-06
-0.7289690638297872,-7.595737103732604e-06
-0.7257677209011264,-7.50062e-06
-0.7225663779724656,-7.50062e-06
-0.7193650350438048,-7.50062e-06
-0.716163692115144,-7.50062e-06
-0.712962349186483,-7.50062e-06
-0.7097610062578222,-7.50062e-06
-0.7065596633291615,-7.50062e-06
-0.7033583204005007,-7.50062e-06
-0.7001569774718397,-7.50062e-06
-0.6969556345431789,-7.50062e-06
-0.6937542916145181,-7.50062e-06
-0.6905529486858573,-7.50062e-06
-0.6873516057571964,-7.50062e-06
-0.6841502628285356,-7.50062e-06
-0.6809489198998748,-7.50062e-06
-0.677747576971214,-7.50062e-06
-0.6745462340425532,-7.456850768796153e-06
-0.6713448911138924,-7.40291199174594e-06
-0.6681435481852316,-7.3489732146957265e-06
-0.6649422052565708,-7.295034437645513e-06
-0.66174086232791,-7.14080937668223e-06
-0.6585395193992492,-6.978995621650467e-06
-0.6553381764705883,-6.817181866618704e-06
-0.6521368335419273,-6.6596688701029966e-06
-0.6489354906132665,-6.58774557174518e-06
-0.6457341476846057,-6.515822273387363e-06
-0.6425328047559449,-6.443898975029546e-06
-0.6393314618272841,-6.377958533986667e-06
-0.6361301188986233,-6.3420010666991095e-06
-0.6329287759699624,-6.306043599411552e-06
-0.6297274330413016,-6.270086132123994e-06
-0.6265260901126408,-6.24436e-06
-0.62332474718398,-6.24436e-06
-0.6201234042553192,-6.24436e-06
-0.6169220613266584,-6.24436e-06
-0.6137207183979976,-6.24436e-06
-0.6105193754693368,-6.24436e-06
-0.6073180325406757,-6.24436e-06
-0.6041166896120149,-6.24436e-06
-0.6009153466833541,-6.24436e-06
-0.5977140037546933,-6.24436e-06
-0.5945126608260325,-6.24436e-06
-0.5913113178973717,-6.24436e-06
-0.5881099749687109,-6.198396468336284e-06
-0.5849086320400501,-6.126478957642292e-06
-0.5817072891113892,-6.0545614469483005e-06
-0.5785059461827284,-5.982643936254308e-06
-0.5753046032540676,-5.9379572373248e-06
-0.5721032603254068,-5.901997193918366e-06
-0.568901917396746,-5.866037150511932e-06
-0.5657005744680852,-5.8300771071054975e-06
-0.5624992315394244,-5.722566087888154e-06
-0.5592978886107633,-5.604879989092893e-06
-0.5560965456821025,-5.487193890297641e-06
-0.5528952027534417,-5.3752541257543815e-06
-0.5496938598247809,-5.275677926927522e-06
-0.5464925168961201,-5.176101728100664e-06
-0.5432911739674593,-5.076525529273805e-06
-0.5400898310387985,-4.98809e-06
-0.5368884881101377,-4.98809e-06
-0.5336871451814769,-4.98809e-06
-0.530485802252816,-4.98809e-06
-0.5272844593241552,-4.98809e-06
-0.5240831163954944,-4.98809e-06
-0.5208817734668336,-4.98809e-06
-0.5176804305381728,-4.98809e-06
-0.514479087609512,-4.98809e-06
-0.511277744680851,-4.98809e-06
-0.5080764017521902,-4.98809e-06
-0.5048750588235293,-4.98809e-06
-0.5016737158948685,-4.98809e-06
-0.4984723729662077,-4.98809e-06
-0.4952710300375469,-4.98809e-06
-0.4920696871088861,-4.98809e-06
-0.4888683441802253,-4.98809e-06
-0.4856670012515645,-4.98809e-06
-0.48246565832290367,-4.98809e-06
-0.47926431539424286,-4.98809e-06
-0.47606297246558205,-4.962806470326381e-06
-0.47286162953692124,-4.926849003038824e-06
-0.4696602866082604,-4.890891535751267e-06
-0.4664589436795994,-4.854934068463707e-06
-0.4632576007509386,-4.7008387741285154e-06
-0.46005625782227777,-4.521046285452974e-06
-0.45685491489361696,-4.341253796777433e-06
-0.45365357196495615,-4.161461308101892e-06
-0.45045222903629534,-4.15059e-06
-0.4472508861076345,-4.15059e-06
-0.4440495431789737,-4.15059e-06
-0.4408482002503129,-4.15059e-06
-0.4376468573216521,-4.15059e-06
-0.4344455143929913,-4.15059e-06
-0.4312441714643305,-4.15059e-06
-0.42804282853566966,-4.15059e-06
-0.42484148560700885,-4.15059e-06
-0.42164014267834804,-4.15059e-06
-0.418438799749687,-4.15059e-06
-0.4152374568210262,-4.15059e-06
-0.4120361138923654,-4.15059e-06
-0.4088347709637046,-4.15059e-06
-0.40563342803504376,-4.15059e-06
-0.40243208510638295,-4.15059e-06
-0.39923074217772214,-4.15059e-06
-0.39602939924906133,-4.15059e-06
-0.3928280563204005,-4.15059e-06
-0.3896267133917397,-4.15059e-06
-0.3864253704630789,-4.15059e-06
-0.3832240275344181,-4.15059e-06
-0.3800226846057573,-4.15059e-06
-0.37682134167709647,-4.15059e-06
-0.37361999874843543,-4.15059e-06
-0.3704186558197746,-4.15059e-06
-0.3672173128911138,-4.15059e-06
-0.364015969962453,-4.123001906901007e-06
-0.3608146270337922,-4.087041863494572e-06
-0.3576132841051314,-4.051081820088138e-06
-0.35441194117647057,-4.015121776681703e-06
-0.35121059824780976,-3.883651494784108e-06
-0.34800925531914895,-3.739816473396124e-06
-0.34480791239048814,-3.59598145200814e-06
-0.3416065694618273,-3.4520180428742695e-06
-0.3384052265331665,-3.2722255541987274e-06
-0.3352038836045057,-3.0924330655231854e-06
-0.3320025406758449,-2.9126405768476433e-06
-0.3288011977471841,-2.7459831725341093e-06
-0.32559985481852305,-2.6740656618401125e-06
-0.32239851188986224,-2.6021481511461207e-06
-0.3191971689612014,-2.530230640452129e-06
-0.3159958260325406,-2.47557e-06
-0.3127944831038798,-2.47557e-06
-0.309593140175219,-2.47557e-06
-0.3063917972465582,-2.47557e-06
-0.3031904543178974,-2.47557e-06
-0.29998911138923656,-2.47557e-06
-0.29678776846057575,-2.47557e-06
-0.29358642553191494,-2.47557e-06
-0.29038508260325413,-2.47557e-06
-0.2871837396745933,-2.47557e-06
-0.2839823967459325,-2.47557e-06
-0.2807810538172717,-2.47557e-06
-0.27757971088861066,-2.47557e-06
-0.27437836795994985,-2.47557e-06
-0.27117702503128904,-2.47557e-06
-0.26797568210262823,-2.47557e-06
-0.2647743391739674,-2.44993116535788e-06
-0.2615729962453066,-2.4139736980703226e-06
-0.2583716533166458,-2.378016230782765e-06
-0.255170310387985,-2.3420587634952072e-06
-0.2519689674593242,-2.33599e-06
-0.24876762453066337,-2.33599e-06
-0.24556628160200256,-2.33599e-06
-0.24236493867334175,-2.33599e-06
-0.23916359574468093,-2.3701285729425794e-06
-0.23596225281602012,-2.406086040230137e-06
-0.2327609098873591,-2.442043507517697e-06
-0.22955956695869828,-2.47557e-06
-0.22635822403003747,-2.47557e-06
-0.22315688110137666,-2.47557e-06
-0.21995553817271585,-2.47557e-06
-0.21675419524405504,-2.47557e-06
-0.21355285231539423,-2.289553770350258e-06
-0.21035150938673342,-2.0738038143871593e-06
-0.2071501664580726,-1.8580538584240604e-06
-0.2039488235294118,-1.6423039024609614e-06
-0.20074748060075098,-1.5111471237441311e-06
-0.19754613767209017,-1.3816836409043434e-06
-0.19434479474342936,-1.2522201580645559e-06
-0.19114345181476855,-1.145047905543932e-06
-0.18794210888610774,-1.0454736090229062e-06
-0.1847407659574467,-9.458993125018733e-07
-0.1815394230287859,-8.463250159808475e-07
-0.17833808010012508,-8.00558e-07
-0.17513673717146427,-8.00558e-07
-0.17193539424280346,-8.00558e-07
-0.16873405131414265,-8.00558e-07
-0.16553270838548184,-8.00558e-07
-0.16233136545682103,-8.00558e-07
-0.15913002252816022,-8.00558e-07
-0.1559286795994994,-8.00558e-07
-0.1527273366708386,-8.00558e-07
-0.1495259937421778,-8.00558e-07
-0.14632465081351698,-8.00558e-07
-0.14312330788485617,-8.00558e-07
-0.13992196495619535,-8.00558e-07
-0.13672062202753432,-8.00558e-07
-0.1335192790988735,-8.00558e-07
-0.1303179361702127,-8.00558e-07
-0.1271165932415519,-8.00558e-07
-0.12391525031289108,-8.00558e-07
-0.12071390738423027,-8.00558e-07
-0.11751256445556946,-8.00558e-07
-0.11431122152690865,-8.00558e-07
-0.11110987859824784,-8.00558e-07
-0.10790853566958702,-8.00558e-07
-0.10470719274092621,-7.466561227990714e-07
-0.1015058498122654,-5.309061512139597e-07
-0.09830450688360459,-3.15156179628848e-07
-0.09510316395494378,-9.940620804373625e-08
-0.09190182102628275,5.0181481608699094e-08
-0.08870047809762194,8.614032022675965e-08
-0.08549913516896113,1.220991588448202e-07
-0.08229779224030032,1.5805799746288076e-07
-0.0790964493116395,1.5904916391905872e-07
-0.0758951063829787,1.230903253009982e-07
-0.07269376345431788,8.713148668293768e-08
-0.06949242052565707,5.117264806487716e-08
-0.06629107759699626,3.69488e-08
-0.06308973466833545,3.69488e-08
-0.05988839173967464,3.69488e-08
-0.05668704881101383,3.69488e-08
-0.05348570588235302,3.69488e-08
-0.05028436295369221,3.69488e-08
-0.0470830200250314,3.69488e-08
-0.043881677096370364,3.69488e-08
-0.04068033416770955,3.69488e-08
-0.03747899123904874,3.69488e-08
-0.03427764831038793,3.69488e-08
-0.03107630538172712,3.69488e-08
-0.02787496245306631,2.4388001797932747e-07
-0.0246736195244055,4.596335649156121e-07
-0.021472276595744688,6.753871118518967e-07
-0.018270933667083877,8.763811477263682e-07
-0.015069590738423067,9.01275720376214e-07
-0.011868247809762256,9.261702930260599e-07
-0.008666904881101445,9.510648656759056e-07
-0.005465561952440634,9.759594383257514e-07
-0.002264219023779823,7.775503562475146e-07
0.0009371239048812097,5.463856822275521e-07
0.0041384668335420205,4.950367634268901e-07
0.007339809762202831,5.597630132149489e-07
0.010541152690863642,6.244892630030077e-07
0.013742495619524453,6.892155127910666e-07
0.016943838548185264,7.539417625791253e-07
0.020145181476846075,8.716427334736148e-07
0.023346524405506885,1.0064887003087927e-06
0.026547867334167696,1.1413346671439707e-06
0.029749210262828507,1.2761806339791486e-06
0.03295055319148932,1.4092142101345326e-06
0.03615189612015013,1.5419858209637603e-06
0.03935323904881094,1.674757431792988e-06
0.04255458197747175,1.8075290426222155e-06
0.04575592490613256,1.8996233598922521e-06
0.048957267834793594,1.9715414493107154e-06
0.052158610763454405,2.0434595387291734e-06
0.055359953692115216,2.1153776281476318e-06
0.05856129662077603,2.13072e-06
0.06176263954943684,2.13072e-06
0.06496398247809765,2.13072e-06
0.06816532540675846,2.13072e-06
0.07136666833541927,2.1632578720564117e-06
0.07456801126408008,2.199215628695837e-06
0.07776935419274089,2.2351733853352625e-06
0.0809706971214017,2.2719623434952978e-06
0.08417204005006251,2.3438804329137557e-06
0.08737338297872332,2.415798522332214e-06
0.09057472590738413,2.487716611750672e-06
0.09377606883604495,2.574882593353866e-06
0.09697741176470598,2.754683763183512e-06
0.10017875469336679,2.9344849330131454e-06
0.1033800976220276,3.114286102842779e-06
0.10658144055068841,3.2567294050430995e-06
0.10978278347934922,3.292689448449534e-06
0.11298412640801003,3.3286494918559686e-06
0.11618546933667084,3.364609535262403e-06
0.11938681226533165,3.38698e-06
0.12258815519399247,3.38698e-06
0.12578949812265328,3.38698e-06
0.1289908410513141,3.38698e-06
0.1321921839799749,3.38698e-06
0.1353935269086357,3.38698e-06
0.13859486983729652,3.38698e-06
0.14179621276595755,3.38698e-06
0.14499755569461836,3.38698e-06
0.14819889862327917,3.38698e-06
0.15140024155193998,3.38698e-06
0.1546015844806008,3.38698e-06
0.1578029274092616,3.38698e-06
0.16100427033792242,3.38698e-06
0.16420561326658323,3.38698e-06
0.16740695619524404,3.38698e-06
0.17060829912390485,3.38698e-06
0.17380964205256566,3.38698e-06
0.17701098498122647,3.38698e-06
0.18021232790988728,3.38698e-06
0.1834136708385481,3.38698e-06
0.1866150137672089,3.38698e-06
0.18981635669586994,3.38698e-06
0.19301769962453075,3.38698e-06
0.19621904255319156,3.38698e-06
0.19942038548185237,3.38698e-06
0.20262172841051318,3.38698e-06
0.205823071339174,3.38698e-06
0.2090244142678348,3.38698e-06
0.2122257571964956,3.38698e-06
0.21542710012515642,3.38698e-06
0.21862844305381723,3.38698e-06
0.22182978598247804,3.38698e-06
0.22503112891113886,3.38698e-06
0.22823247183979967,3.38698e-06
0.23143381476846048,3.418763522886546e-06
0.2346351576971213,3.490681033580538e-06
0.23783650062578232,3.5625985442745355e-06
0.24103784355444313,3.6345160549685276e-06
0.24423918648310394,3.7467156883488715e-06
0.24744052941176475,3.890548133617978e-06
0.25064187234042556,4.034380578887084e-06
0.2538432152690864,4.178213024156191e-06
0.2570445581977472,4.22448e-06
0.260245901126408,4.22448e-06
0.2634472440550688,4.22448e-06
0.2666485869837296,4.22448e-06
0.26984992991239043,4.22448e-06
0.27305127284105124,4.22448e-06
0.27625261576971205,4.22448e-06
0.27945395869837286,4.22448e-06
0.2826553016270339,4.22448e-06
0.2858566445556947,4.22448e-06
0.2890579874843555,4.22448e-06
0.2922593304130161,4.22448e-06
0.2954606733416769,4.22448e-06
0.2986620162703377,4.22448e-06
0.30186335919899854,4.22448e-06
0.30506470212765935,4.2353462688483675e-06
0.3082660450563206,4.307263779542369e-06
0.3114673879849814,4.379181290236361e-06
0.3146687309136422,4.4510988009303525e-06
0.31787007384230304,4.4842836883756546e-06
0.32107141677096385,4.412366177681662e-06
0.32427275969962466,4.34044866698767e-06
0.32747410262828547,4.268531156293679e-06
0.3306754455569463,4.22448e-06
0.3338767884856071,4.22448e-06
0.3370781314142679,4.22448e-06
0.3402794743429287,4.22448e-06
0.3434808172715895,4.360865289993108e-06
0.34668216020025033,4.6305783029164715e-06
0.34988350312891114,4.900291315839835e-06
0.35308484605757195,5.170004328763199e-06
0.35628618898623277,5.372369633694567e-06
0.3594875319148936,5.53418338872633e-06
0.3626888748435544,5.6959971437580925e-06
0.3658902177722152,5.857810898789854e-06
0.369091560700876,5.8995e-06
0.3722929036295368,5.8995e-06
0.37549424655819763,5.8995e-06
0.37869558948685844,5.8995e-06
0.38189693241551925,5.8995e-06
0.38509827534418006,5.8995e-06
0.3882996182728409,5.8995e-06
0.3915009612015017,5.8995e-06
0.3947023041301625,5.8995e-06
0.3979036470588233,5.8995e-06
0.40110498998748456,5.8995e-06
0.4043063329161454,5.892528434843462e-06
0.4075076758448062,5.82061092414947e-06
0.410709018773467,5.748693413455478e-06
0.4139103617021278,5.676775902761486e-06
0.4171117046307886,5.628065526866136e-06
0.4203130475594494,5.664022994153694e-06
0.42351439048811024,5.6999804614412515e-06
0.42671573341677105,5.735937928728809e-06
0.42991707634543186,5.770974714534158e-06
0.43311841927409267,5.804170039107904e-06
0.4363197622027535,5.837365363681649e-06
0.4395211051314143,5.870560688255395e-06
0.4427224480600751,5.906008572381197e-06
0.4459237909887359,5.95677302760705e-06
0.4491251339173967,6.007537482832903e-06
0.45232647684605753,6.058301938058755e-06
0.45552781977471835,6.201083869738912e-06
0.45872916270337916,6.362892241467339e-06
0.46193050563203997,6.524700613195767e-06
0.4651318485607008,6.686508984924194e-06
0.4683331914893616,6.73701e-06
0.4715345344180224,6.73701e-06
0.4747358773466832,6.73701e-06
0.477937220275344,6.73701e-06
0.48113856320400483,6.73701e-06
0.48433990613266564,6.73701e-06
0.48754124906132645,6.73701e-06
0.49074259198998726,6.73701e-06
0.4939439349186485,6.73701e-06
0.49714527784730933,6.73701e-06
0.5003466207759701,6.73701e-06
0.503547963704631,6.73701e-06
0.5067493066332918,6.73701e-06
0.5099506495619526,6.73701e-06
0.5131519924906134,6.73701e-06
0.5163533354192742,6.73701e-06
0.519554678347935,6.73701e-06
0.5227560212765958,6.73701e-06
0.5259573642052566,6.73701e-06
0.5291587071339174,6.797240121884274e-06
0.5323600500625782,7.012990077847373e-06
0.5355613929912391,7.228740033810472e-06
0.5387627359198999,7.444489989773572e-06
0.5419640788485607,7.6030869897926045e-06
0.5451654217772215,7.675004500486596e-06
0.5483667647058823,7.746922011180586e-06
0.5515681076345431,7.818839521874579e-06
0.5547694505632039,7.87221918034261e-06
0.5579707934918647,7.908179223749046e-06
0.5611721364205255,7.94413926715548e-06
0.5643734793491864,7.980099310561915e-06
0.5675748222778472,8.016057721376189e-06
0.570776165206508,8.052015188663747e-06
0.5739775081351688,8.087972655951304e-06
0.5771788510638296,8.123930123238861e-06
0.5803801939924904,8.10581240947358e-06
0.5835815369211512,8.069854942186023e-06
0.5867828798498125,8.03389747489846e-06
0.5899842227784733,7.997940007610904e-06
0.5931855657071341,7.99327e-06
0.5963869086357949,7.99327e-06
0.5995882515644557,7.99327e-06
0.6027895944931165,7.99327e-06
0.6059909374217773,8.028810188743898e-06
0.6091922803504382,8.06477054975971e-06
0.612393623279099,8.100730910775521e-06
0.6155949662077598,8.136691237864422e-06
0.6187963091364206,8.172651281270858e-06
0.6219976520650814,8.208611324677291e-06
0.6251989949937422,8.244571368083727e-06
0.628400337922403,8.280530831834635e-06
0.6316016808510638,8.316488299122192e-06
0.6348030237797246,8.35244576640975e-06
0.6380043667083855,8.388403233697307e-06
0.6412057096370463,8.430531935608333e-06
0.6444070525657071,8.484470712658546e-06
0.6476083954943679,8.53840948970876e-06
0.6508097384230287,8.592348266758973e-06
0.6540110813516895,8.696059942821016e-06
0.6572124242803503,8.857873697852778e-06
0.6604137672090111,9.01968745288454e-06
0.6636151101376719,9.181501207916302e-06
0.6668164530663327,9.24953e-06
0.6700177959949936,9.24953e-06
0.6732191389236544,9.24953e-06
0.6764204818523152,9.24953e-06
0.679621824780976,9.24953e-06
0.6828231677096372,9.24953e-06
0.6860245106382981,9.24953e-06
0.6892258535669589,9.24953e-06
0.6924271964956197,9.24953e-06
0.6956285394242805,9.24953e-06
0.6988298823529413,9.24953e-06
0.7020312252816021,9.24953e-06
0.7052325682102629,9.24953e-06
0.7084339111389237,9.24953e-06
0.7116352540675845,9.24953e-06
0.7148365969962454,9.253295032062592e-06
0.7180379399249062,9.325212542756584e-06
0.721239282853567,9.397130053450576e-06
0.7244406257822278,9.469047564144569e-06
0.7276419687108886,9.553230366271457e-06
0.7308433116395494,9.697066657682316e-06
0.7340446545682102,9.840902949093173e-06
0.737245997496871,9.984739240504032e-06
0.7404473404255318,1.0087e-05
0.7436486833541927,1.0087e-05
0.7468500262828535,1.0087e-05
0.7500513692115143,1.0087e-05
0.7532527121401751,1.0087e-05
0.7564540550688359,1.0087e-05
0.7596553979974967,1.0087e-05
0.7628567409261575,1.0087e-05
0.7660580838548183,1.0068110903521373e-05
0.7692594267834791,1.0032161164590448e-05
0.77246076971214,9.996211425659522e-06
0.7756621126408012,9.960261686728591e-06
0.778863455569462,9.878019262918467e-06
0.7820647984981228,9.770144284936918e-06
0.7852661414267836,9.662269306955368e-06
0.7884674843554444,9.554394328973819e-06
0.7916688272841053,9.473912246487193e-06
0.7948701702127661,9.4019947357932e-06
0.7980715131414269,9.330077225099208e-06
0.8012728560700877,9.258159714405216e-06
8.01657e-1,9.24953e-6
0.8044741989987485,9.353094400028615e-06
0.8076755419274093,9.470780498823867e-06
0.8108768848560701,9.588466597619119e-06
0.8140782277847309,9.764409595761324e-06
8.13048e-1,9.66828e-6
0.8172795707133917,1.0063123924948154e-05
0.8204809136420526,1.0361838254134982e-05
0.8236822565707134,1.0660552583321812e-05
8.26511e-1,1.09245e-5
0.8268835994993742,1.1103432318736164e-05
0.830084942428035,1.2640803448480069e-05
0.8332862853566958,1.4178174578223973e-05
8.34795e-1,1.49027e-5
0.8364876282853566,1.2678091149245686e-05
0.8396889712140174,2.9158675262233253e-05
0.8428903141426782,3.0129666841488813e-05
0.846091657071339,3.1100658420744376e-05
8.36866e-1,1.21808e-5
8.36866e-1,1.80434e-5
8.36866e-1,2.05559e-5
8.36866e-1,2.30684e-5
8.36866e-1,2.55809e-5
8.38938e-1,2.89309e-5
8.47222e-1,3.14435e-5
8.47222e-1,3.40956e-5
8.47222e-1,3.66081e-5
8.47222e-1,3.91206e-5
8.47222e-1,4.16331e-5
8.47222e-1,4.41457e-5
8.47222e-1,4.66582e-5
8.47222e-1,4.91707e-5
8.47222e-1,5.16832e-5
8.47222e-1,5.41957e-5
8.47222e-1,5.67083e-5
8.47222e-1,5.92208e-5
8.47222e-1,6.17333e-5
8.47222e-1,6.42458e-5
8.47222e-1,6.67584e-5
8.47222e-1,6.92709e-5
8.47222e-1,7.17834e-5
8.47222e-1,7.42959e-5
8.47222e-1,7.68084e-5
8.47222e-1,7.93210e-5
8.47222e-1,8.18335e-5
8.47222e-1,8.43460e-5
8.47222e-1,8.68585e-5
8.47222e-1,8.93710e-5
8.47222e-1,9.18836e-5
8.47222e-1,9.43961e-5
8.47222e-1,9.69086e-5
8.47222e-1,9.94211e-5
8.47222e-1,1.01934e-4
8.47222e-1,1.04446e-4
8.47222e-1,1.06959e-4
8.47222e-1,1.09471e-4
8.47222e-1,1.11984e-4
8.47222e-1,1.14496e-4
8.47222e-1,1.17009e-4
8.47222e-1,1.19521e-4
8.47222e-1,1.22034e-4
8.47222e-1,1.24546e-4
8.47222e-1,1.27059e-4
8.47222e-1,1.29571e-4
8.47222e-1,1.32084e-4
8.47222e-1,1.34596e-4
8.47222e-1,1.37109e-4
8.47222e-1,1.39621e-4
8.47222e-1,1.42134e-4
8.47222e-1,1.44647e-4
8.47222e-1,1.47159e-4
8.47222e-1,1.49672e-4
8.47222e-1,1.52184e-4
8.47222e-1,1.54697e-4
8.47222e-1,1.57209e-4
8.47222e-1,1.59722e-4
8.47222e-1,1.62234e-4
8.47222e-1,1.67538e-4
8.48258e-1,1.65235e-4
8.49293e-1,1.69632e-4
8.49293e-1,1.72145e-4
0.849293,0.000172145
