t,v
0.0106007067137808,0.0215827338129496
0.01657765579730113,0.025720158567023886
0.022554604880821463,0.029857583321098176
0.0285315539643418,0.033995008075172466
0.03450850304786213,0.03813243282924675
0.040485452131382466,0.04226985758332104
0.0464624012149028,0.04640728233739533
0.05243935029842313,0.05054470709146962
0.05841629938194346,0.05468213184554391
0.06439324846546379,0.0588195565996182
0.07037019754898413,0.06295698135369249
0.07634714663250446,0.06709440610776676
0.0823240957160248,0.07123183086184105
0.08830104479954512,0.07536925561591534
0.09427799388306546,0.07950668036998963
0.10025494296658578,0.08364410512406392
0.10623189205010612,0.08778152987813821
0.11220884113362646,0.0919189546322125
0.11818579021714679,0.09605637938628679
0.12416273930066712,0.10019380414036108
0.13013968838418744,0.10433122889443536
0.13611663746770777,0.10846865364850965
0.1420935865512281,0.11260607840258394
0.14807053563474845,0.11674350315665823
0.1540474847182688,0.12088092791073252
0.16002443380178913,0.1250183526648068
0.16600138288530944,0.12915577741888107
0.17197833196882978,0.13329320217295537
0.17795528105235012,0.13743062692702968
0.18393223013587046,0.14156805168110395
0.18990917921939077,0.14529792732440686
0.1958861283029111,0.14850916385738935
0.20186307738643144,0.15172040039037185
0.20784002646995178,0.15493163692335435
0.21381697555347212,0.15814287345633685
0.21979392463699243,0.16135410998931934
0.22577087372051277,0.16456534652230184
0.2317478228040331,0.16777658305528434
0.23772477188755345,0.17098781958826684
0.24370172097107376,0.17419905612124933
0.2496786700545941,0.17741029265423183
0.2556556191381144,0.1806215291872143
0.2616325682216347,0.1838327657201968
0.26760951730515514,0.18704400225317935
0.27358646638867545,0.19025523878616182
0.27956341547219576,0.19346647531914432
0.2855403645557161,0.1966777118521268
0.2915173136392364,0.1998889483851093
0.2974942627227568,0.20310018491809184
0.3034712118062771,0.2063114214510743
0.30944816088979743,0.2095226579840568
0.31542510997331774,0.21273389451703928
0.32140205905683805,0.21594513105002178
0.3273790081403585,0.21915636758300433
0.3333559572238788,0.2223676041159868
0.3393329063073991,0.22557884064896927
0.3453098553909194,0.22879007718195177
0.3512868044744397,0.23200131371493427
0.35726375355796014,0.23521255024791682
0.36324070264148045,0.2384237867808993
0.36921765172500076,0.24163502331388176
0.3751946008085211,0.24484625984686426
0.3811715498920414,0.24805749637984675
0.3871484989755618,0.2512687329128293
0.3931254480590821,0.25447996944581175
0.3991023971426024,0.25769120597879425
0.40507934622612274,0.26090244251177674
0.41105629530964305,0.26411367904475924
0.41703324439316347,0.2673249155777418
0.4230101934766838,0.27053615211072424
0.4289871425602041,0.27374738864370673
0.4349640916437244,0.27695862517668923
0.4409410407272447,0.28016986170967173
0.44691798981076514,0.2833397531674539
0.45289493889428545,0.2865036662146872
0.45887188797780576,0.28966757926192044
0.46484883706132607,0.29283149230915373
0.4708257861448464,0.29599540535638696
0.4768027352283667,0.29915931840362026
0.4827796843118871,0.3023232314508536
0.4887566333954074,0.30548714449808684
0.49473358247892774,0.30865105754532013
0.500710531562448,0.3118149705925534
0.5066874806459684,0.31497888363978666
0.5126644297294887,0.31814279668701995
0.5186413788130091,0.32130670973425324
0.5246183278965294,0.32447062278148653
0.5305952769800497,0.3276345358287198
0.53657222606357,0.33079844887595306
0.5425491751470903,0.33396236192318635
0.5485261242306108,0.3371262749704197
0.5545030733141311,0.34029018801765293
0.5604800223976514,0.3434541010648862
0.5664569714811717,0.34661801411211945
0.572433920564692,0.34978192715935275
0.5784108696482124,0.3529458402065861
0.5843878187317327,0.35610975325381933
0.590364767815253,0.3592736663010526
0.5963417168987734,0.3624375793482859
0.6023186659822937,0.36560149239551915
0.6082956150658141,0.3687654054427525
0.6142725641493344,0.3719293184899858
0.6202495132328547,0.3751913920758435
0.626226462316375,0.3786682196002757
0.6322034113998953,0.38214504712470787
0.6381803604834158,0.3856218746491401
0.6441573095669361,0.38909870217357223
0.6501342586504564,0.3925755296980044
0.6561112077339767,0.3960523572224366
0.662088156817497,0.3995291847468687
0.6680651059010173,0.4030060122713009
0.6740420549845377,0.40648283979573313
0.680019004068058,0.4099596673201653
0.6859959531515784,0.4134364948445975
0.6919729022350987,0.4169133223690296
0.697949851318619,0.4203901498934618
0.7039268004021394,0.42386697741789403
0.7099037494856597,0.4273438049423262
0.71588069856918,0.4308206324667584
0.7218576476527003,0.4342974599911905
0.7278345967362206,0.4377742875156227
0.7338115458197411,0.44125111504005493
0.7397884949032614,0.4447279425644871
0.7457654439867817,0.44820477008891924
0.751742393070302,0.4516815976133514
0.7577193421538223,0.4551584251377836
0.7636962912373427,0.45863525266221583
0.769673240320863,0.46211208018664796
0.7756501894043834,0.46558890771108014
0.7816271384879037,0.4690657352355123
0.787604087571424,0.4725425627599445
0.7935810366549444,0.47601939028437673
0.7995579857384647,0.4794962178088089
0.805534934821985,0.48297304533324104
0.8115118839055053,0.4864498728576732
0.8174888329890256,0.4899267003821054
0.8234657820725461,0.49340352790653763
0.8294427311560664,0.49688035543096976
0.8354196802395867,0.5003571829554019
0.841396629323107,0.5038340104798341
0.8473735784066273,0.5073108380042662
0.8533505274901477,0.5107876655286985
0.859327476573668,0.5142644930531306
0.8653044256571883,0.5177413205775628
0.8712813747407087,0.5214060862759022
0.877258323824229,0.5250850549354757
0.8832352729077494,0.5287640235950494
0.8892122219912697,0.532442992254623
0.89518917107479,0.5361219609141965
0.9011661201583103,0.5398009295737701
0.9071430692418306,0.5434798982333436
0.913120018325351,0.5471588668929173
0.9190969674088714,0.5508378355524909
0.9250739164923917,0.5545168042120645
0.931050865575912,0.558195772871638
0.9370278146594323,0.5618747415312116
0.9430047637429526,0.5655537101907852
0.948981712826473,0.5692326788503588
0.9549586619099933,0.5729116475099324
0.9609356109935137,0.576590616169506
0.966912560077034,0.5802695848290795
0.9728895091605543,0.5839485534886532
0.9788664582440747,0.5876275221482268
0.984843407327595,0.5913064908078003
0.9908203564111153,0.5949854594673739
0.9967973054946356,0.5986644281269474
1.002774254578156,0.602343396786521
1.0087512036616764,0.6060223654460947
1.0147281527451966,0.6097013341056682
1.020705101828717,0.6133803027652418
1.0266820509122374,0.6170592714248154
1.0326589999957576,0.6207382400843889
1.038635949079278,0.6244172087439626
1.0446128981627982,0.6280961774035361
1.0505898472463187,0.6317751460631097
1.056566796329839,0.6354541147226834
1.0625437454133593,0.6391330833822568
1.0685206944968797,0.6428120520418306
1.0744976435804,0.6464910207014041
1.0804745926639203,0.6501699893609777
1.0864515417474407,0.6538489580205513
1.092428490830961,0.6575279266801248
1.0984054399144814,0.6612068953396985
1.1043823889980016,0.664885863999272
1.110359338081522,0.6685648326588456
1.1163362871650424,0.6722438013184192
1.1223132362485626,0.6759227699779927
1.128290185332083,0.6796017386375663
1.1342671344156032,0.6832807072971399
1.1402440834991237,0.6869596759567135
1.146221032582644,0.6906386446162871
1.1521979816661643,0.6943176132758606
1.1581749307496847,0.6979965819354343
1.164151879833205,0.7016755505950079
1.1701288289167253,0.7053629688044902
1.1761057780002457,0.7091395228396493
1.182082727083766,0.7129160768748083
1.1880596761672864,0.7166926309099675
1.1940366252508066,0.7204691849451265
1.200013574334327,0.7242457389802857
1.2059905234178474,0.7280222930154447
1.2119674725013676,0.7317988470506037
1.217944421584888,0.7355754010857629
1.2239213706684082,0.7393519551209219
1.2298983197519286,0.7431285091560811
1.235875268835449,0.7469050631912402
1.2418522179189693,0.7506816172263991
1.2478291670024897,0.7544581712615583
1.25380611608601,0.7582347252967173
1.2597830651695303,0.7620112793318765
1.2657600142530507,0.7657878333670356
1.271736963336571,0.7695643874021947
1.2777139124200914,0.7733409414373538
1.2836908615036116,0.7771174954725127
1.289667810587132,0.7808940495076719
1.2956447596706522,0.7846706035428309
1.3016217087541726,0.7884471575779901
1.307598657837693,0.7922237116131492
1.3135756069212132,0.7960002656483082
1.3195525560047336,0.7997768196834674
1.3255295050882538,0.8035533737186263
1.3315064541717743,0.8073299277537855
1.3374834032552947,0.8111064817889446
1.343460352338815,0.8148830358241036
1.3494373014223353,0.8186595898592628
1.3554142505058555,0.8224361438944218
1.361391199589376,0.826212697929581
1.3673681486728964,0.82998925196474
1.3733450977564166,0.833765805999899
1.379322046839937,0.8352012598639058
1.3852989959234572,0.8360404940939412
1.3912759450069776,0.8368797283239765
1.397252894090498,0.8377189625540119
1.4032298431740182,0.8385581967840472
1.4092067922575386,0.8393974310140826
1.4151837413410588,0.840236665244118
1.4211606904245793,0.8410758994741533
1.4271376395080997,0.8419151337041887
1.4331145885916199,0.842754367934224
1.4390915376751403,0.8435936021642594
1.4450684867586605,0.8444328363942947
1.451045435842181,0.8452720706243301
1.4570223849257014,0.8461113048543655
1.4629993340092216,0.8469505390844008
1.468976283092742,0.8477897733144362
1.4749532321762622,0.8486290075444715
1.4809301812597826,0.8494682417745069
1.486907130343303,0.8503074760045423
1.4928840794268232,0.8511467102345776
1.4988610285103436,0.851985944464613
1.5048379775938638,0.8528251786946482
1.5108149266773843,0.8536644129246836
1.5167918757609047,0.8545036471547189
1.5227688248444249,0.8553428813847543
1.5287457739279453,0.8561821156147897
1.5347227230114655,0.857021349844825
1.540699672094986,0.8578605840748604
1.5466766211785064,0.8586998183048957
1.5526535702620265,0.8595390525349311
1.558630519345547,0.8603782867649664
1.5646074684290672,0.8612175209950018
1.5705844175125876,0.8620567552250371
1.576561366596108,0.8628959894550725
1.5825383156796282,0.863823946844925
1.5885152647631486,0.864838021539551
1.5944922138466688,0.8658520962341771
1.6004691629301893,0.8668661709288031
1.6064461120137097,0.8678802456234292
1.6124230610972299,0.8688943203180552
1.6184000101807503,0.8699083950126814
1.6243769592642705,0.8709224697073074
1.630353908347791,0.8719365444019335
1.6363308574313113,0.8729506190965595
1.6423078065148315,0.8739646937911855
1.648284755598352,0.8749787684858116
1.6542617046818722,0.8759928431804376
1.6602386537653926,0.8770069178750637
1.666215602848913,0.8780209925696898
1.6721925519324332,0.8790350672643158
1.6781695010159536,0.8800491419589418
1.6841464500994738,0.8810632166535679
1.6901233991829943,0.8820772913481939
1.6961003482665147,0.88309136604282
1.7020772973500349,0.884105440737446
1.7080542464335553,0.8851195154320721
1.7140311955170755,0.8861335901266981
1.720008144600596,0.8871476648213242
1.7259850936841163,0.8881617395159502
1.7319620427676365,0.8891758142105763
1.737938991851157,0.8901898889052023
1.7439159409346772,0.8912039635998285
1.7498928900181976,0.8922180382944545
1.755869839101718,0.8932321129890806
1.7618467881852382,0.8942461876837066
1.7678237372687586,0.8952602623783327
1.7738006863522788,0.8962743370729587
1.7797776354357993,0.8972884117675848
1.7857545845193197,0.8983024864622108
1.7917315336028399,0.8992728643358681
1.7977084826863603,0.899055562615591
1.8036854317698805,0.898838260895314
1.809662380853401,0.898620959175037
1.8156393299369211,0.89840365745476
1.8216162790204415,0.898186355734483
1.827593228103962,0.897969054014206
1.8335701771874822,0.897751752293929
1.8395471262710026,0.8975344505736519
1.8455240753545228,0.8973171488533749
1.8515010244380432,0.8970998471330979
1.8574779735215636,0.8968825454128209
1.8634549226050838,0.8966652436925439
1.8694318716886043,0.8964479419722668
1.8754088207721245,0.8962306402519898
1.8813857698556449,0.8960133385317128
1.8873627189391653,0.8957960368114358
1.8933396680226855,0.8955787350911588
1.899316617106206,0.8953614333708818
1.9052935661897261,0.8951441316506048
1.9112705152732465,0.8949268299303278
1.917247464356767,0.8947095282100508
1.9232244134402872,0.8944922264897738
1.9292013625238076,0.8942749247694968
1.9351783116073278,0.8940576230492198
1.9411552606908482,0.8938403213289428
1.9471322097743686,0.8936230196086657
1.9531091588578888,0.8934057178883887
1.9590861079414092,0.8931884161681116
1.9650630570249294,0.8929711144478346
1.9710400061084499,0.8927538127275576
1.9770169551919703,0.8925365110072806
1.9829939042754905,0.8923192092870036
1.988970853359011,0.8921019075667266
1.9949478024425311,0.8924286522980677
2.0009247515260515,0.8927974067324771
2.006901700609572,0.8931661611668866
2.0128786496930924,0.893534915601296
2.0188555987766126,0.8939036700357056
2.0248325478601332,0.894272424470115
2.0308094969436534,0.8946411789045245
2.0367864460271736,0.895009933338934
2.0427633951106943,0.8953786877733435
2.0487403441942145,0.8957474422077529
2.0547172932777347,0.8961161966421624
2.060694242361255,0.8964849510765719
2.0666711914447755,0.8968537055109813
2.0726481405282957,0.8972224599453908
2.078625089611816,0.8975912143798003
2.0846020386953366,0.8979599688142097
2.0905789877788568,0.8983287232486192
2.096555936862377,0.8986974776830287
2.1025328859458976,0.8990662321174382
2.108509835029418,0.8994349865518476
2.114486784112938,0.8998037409862572
2.120463733196458,0.9001724954206666
2.126440682279979,0.900541249855076
2.132417631363499,0.9009100042894855
2.1383945804470192,0.901278758723895
2.14437152953054,0.9016475131583045
2.15034847861406,0.9020162675927139
2.1563254276975803,0.9023850220271233
2.162302376781101,0.9027537764615329
2.168279325864621,0.9031225308959423
2.1742562749481413,0.9034912853303518
2.1802332240316615,0.9038600397647613
2.186210173115182,0.9042287941991708
2.1921871221987024,0.9045975486335802
2.1981640712822226,0.9049663030679896
2.204141020365743,0.9053350575023992
2.2101179694492634,0.9057038119368086
2.2160949185327836,0.9060725663712181
2.2220718676163043,0.9064413208056276
2.2280488166998245,0.9060933229655047
2.2340257657833447,0.905673705850487
2.240002714866865,0.9052540887354693
2.2459796639503855,0.9048344716204516
2.2519566130339057,0.904414854505434
2.257933562117426,0.9039952373904163
2.2639105112009466,0.9035756202753986
2.2698874602844668,0.9031560031603809
2.275864409367987,0.9027363860453633
2.2818413584515076,0.9023167689303456
2.287818307535028,0.9018971518153279
2.293795256618548,0.9014775347003102
2.299772205702068,0.9010579175852926
2.305749154785589,0.9006383004702749
2.311726103869109,0.9002186833552572
2.3177030529526292,0.8997990662402395
2.32368000203615,0.8993794491252218
2.32965695111967,0.8989598320102042
2.3356339002031903,0.8985402148951865
2.341610849286711,0.8981205977801688
2.347587798370231,0.8977009806651511
2.3535647474537513,0.8972813635501335
2.3595416965372715,0.8968617464351158
2.365518645620792,0.8964421293200981
2.3714955947043124,0.8960225122050804
2.3774725437878326,0.8956028950900629
2.383449492871353,0.8951832779750452
2.3894264419548734,0.8947636608600275
2.3954033910383936,0.8943440437450099
2.4013803401219143,0.8939244266299922
2.4073572892054345,0.8935048095149745
2.4133342382889547,0.8930851923999568
2.419311187372475,0.8926655752849392
2.4252881364559955,0.8922459581699215
2.4312650855395157,0.8920863309352518
2.437242034623036,0.8920863309352518
2.4432189837065565,0.8920863309352518
2.4491959327900767,0.8920863309352518
2.455172881873597,0.8920863309352518
2.4611498309571176,0.8920863309352518
2.467126780040638,0.8920863309352518
2.473103729124158,0.8920863309352518
2.479080678207678,0.8920863309352518
2.485057627291199,0.8920863309352518
2.491034576374719,0.8920863309352518
2.4970115254582392,0.8920863309352518
2.50298847454176,0.8920863309352518
2.50896542362528,0.8920863309352518
2.5149423727088003,0.8920863309352518
2.520919321792321,0.8920863309352518
2.526896270875841,0.8920863309352518
2.5328732199593613,0.8920863309352518
2.5388501690428815,0.8920863309352518
2.544827118126402,0.8920863309352518
2.5508040672099224,0.8920863309352518
2.5567810162934426,0.8920863309352518
2.562757965376963,0.8920863309352518
2.5687349144604834,0.8920863309352518
2.5747118635440036,0.8920863309352518
2.580688812627524,0.8920863309352518
2.5866657617110445,0.8920863309352518
2.5926427107945647,0.8920863309352518
2.598619659878085,0.8920863309352518
2.6045966089616055,0.8920863309352518
2.6105735580451257,0.8920863309352518
2.616550507128646,0.8920863309352518
2.6225274562121665,0.8920863309352518
2.6285044052956867,0.8919972511101049
2.634481354379207,0.8918234097338833
2.640458303462727,0.8916495683576617
2.646435252546248,0.8914757269814401
2.652412201629768,0.8913018856052185
2.658389150713288,0.8911280442289968
2.664366099796809,0.8909542028527753
2.670343048880329,0.8907803614765536
2.6763199979638492,0.890606520100332
2.68229694704737,0.8904326787241105
2.68827389613089,0.8902588373478888
2.6942508452144103,0.8900849959716672
2.7002277942979305,0.8899111545954456
2.706204743381451,0.889737313219224
2.7121816924649713,0.8895634718430024
2.7181586415484915,0.8893896304667808
2.724135590632012,0.8892157890905592
2.7301125397155324,0.8890419477143375
2.7360894887990526,0.888868106338116
2.742066437882573,0.8886942649618943
2.7480433869660934,0.8885204235856727
2.7540203360496136,0.8883465822094512
2.759997285133134,0.8881727408332295
2.7659742342166544,0.8879988994570079
2.7719511833001746,0.8878250580807863
2.777928132383695,0.8876512167045647
2.7839050814672155,0.8874773753283431
2.7898820305507357,0.8873035339521215
2.795858979634256,0.8871296925758999
2.8018359287177765,0.8869558511996782
2.8078128778012967,0.8867820098234567
2.813789826884817,0.8866081684472351
2.819766775968337,0.8864343270710134
2.825743725051858,0.8862604856947919
2.831720674135378,0.8860866443185702
2.837697623218898,0.8859128029423486
2.843674572302419,0.885738961566127
2.849651521385939,0.8855651201899054
2.8556284704694592,0.8853912788136838
2.86160541955298,0.8852174374374622
2.8675823686365,0.8850435960612406
2.8735593177200203,0.8849181399178376
2.8795362668035405,0.8851209548567629
2.885513215887061,0.885323769795688
2.8914901649705813,0.8855265847346133
2.8974671140541015,0.8857293996735385
2.903444063137622,0.8859322146124637
2.9094210122211424,0.8861350295513889
2.9153979613046626,0.8863378444903142
2.921374910388183,0.8865406594292393
2.9273518594717034,0.8867434743681646
2.9333288085552236,0.8869462893070897
2.939305757638744,0.887149104246015
2.9452827067222644,0.8873519191849402
2.9512596558057846,0.8875547341238654
2.957236604889305,0.8877575490627906
2.9632135539728255,0.8879603640017159
2.9691905030563457,0.888163178940641
2.975167452139866,0.8883659938795663
2.9811444012233865,0.8885688088184914
2.9871213503069067,0.8887716237574167
2.993098299390427,0.8889744386963419
2.999075248473947,0.889177253635267
3.0050521975574678,0.8893800685741923
3.011029146640988,0.8895828835131174
3.017006095724508,0.8897856984520427
3.022983044808029,0.8899885133909679
3.028959993891549,0.8901913283298931
3.034936942975069,0.8903941432688183
3.04091389205859,0.8905969582077435
3.04689084114211,0.8907997731466687
3.0528677902256303,0.891002588085594
3.0588447393091505,0.8912054030245191
3.064821688392671,0.8914082179634444
3.0707986374761913,0.8916110329023695
3.0767755865597115,0.8918138478412948
3.082752535643232,0.89201666278022
3.0887294847267524,0.8913976406737343
3.0947064338102726,0.8903485978861901
3.1006833828937927,0.8892995550986459
3.1066603319773134,0.8882505123111016
3.1126372810608336,0.8872014695235575
3.118614230144354,0.8861524267360134
3.1245911792278744,0.8851033839484691
3.1305681283113946,0.884054341160925
3.136545077394915,0.8830052983733807
3.1425220264784355,0.8819562555858365
3.1484989755619557,0.8809072127982923
3.154475924645476,0.8798581700107482
3.160452873728996,0.878809127223204
3.1664298228125167,0.8777600844356598
3.172406771896037,0.8767110416481155
3.178383720979557,0.8756619988605714
3.1843606700630778,0.8746129560730271
3.190337619146598,0.873563913285483
3.196314568230118,0.8725148704979389
3.202291517313639,0.8714658277103946
3.208268466397159,0.8704167849228505
3.214245415480679,0.8693677421353062
3.2202223645641994,0.8683186993477621
3.22619931364772,0.8672696565602178
3.2321762627312403,0.8662206137726737
3.2381532118147605,0.8651715709851295
3.244130160898281,0.8641225281975853
3.2501071099818013,0.863073485410041
3.2560840590653215,0.8620244426224969
3.262061008148842,0.8609753998349526
3.2680379572323623,0.8599263570474085
3.2740149063158825,0.8588773142598644
3.2799918553994027,0.8578282714723201
3.2859688044829234,0.8567792286847759
3.2919457535664436,0.8557301858972317
3.297922702649964,0.8546811431096876
3.3038996517334844,0.8536321003221433
3.3098766008170046,0.8525830575345992
3.315853549900525,0.8515340147470549
3.3218304989840455,0.8504849719595107
3.3278074480675657,0.8494359291719665
3.333784397151086,0.8483868863844224
3.339761346234606,0.8473378435968782
3.3457382953181267,0.846288800809334
3.351715244401647,0.8452397580217897
3.357692193485167,0.8441907152342456
3.3636691425686878,0.8431416724467014
3.369646091652208,0.8420926296591572
3.375623040735728,0.8410435868716131
3.381599989819249,0.8399945440840688
3.387576938902769,0.8389455012965246
3.393553887986289,0.8378964585089804
3.3995308370698094,0.8368474157214363
3.40550778615333,0.835798372933892
3.4114847352368503,0.8347493301463479
3.4174616843203705,0.8337002873588036
3.423438633403891,0.8326512445712595
3.4294155824874113,0.8316022017837152
3.4353925315709315,0.8305531589961711
3.441369480654452,0.8295041162086269
3.4473464297379723,0.8284550734210827
3.4533233788214925,0.8274060306335386
3.4593003279050127,0.8263569878459943
3.4652772769885334,0.8253079450584501
3.4712542260720536,0.8242589022709059
3.477231175155574,0.8232098594833618
3.4832081242390944,0.8221608166958175
3.4891850733226146,0.8211117739082734
3.495162022406135,0.8198841928237434
3.5011389714896555,0.8165272559036019
3.5071159205731757,0.8131703189834605
3.513092869656696,0.8098133820633192
3.519069818740216,0.8064564451431778
3.5250467678237367,0.8030995082230363
3.531023716907257,0.799742571302895
3.537000665990777,0.7963856343827537
3.5429776150742978,0.7930286974626121
3.548954564157818,0.7896717605424707
3.554931513241338,0.7863148236223294
3.560908462324859,0.7829578867021878
3.566885411408379,0.7796009497820465
3.572862360491899,0.7762440128619051
3.5788393095754194,0.7728870759417639
3.58481625865894,0.7695301390216223
3.5907932077424602,0.7661732021014809
3.5967701568259804,0.7628162651813396
3.602747105909501,0.759459328261198
3.6087240549930213,0.7561023913410567
3.6147010040765415,0.7527454544209153
3.6206779531600617,0.7493885175007741
3.6266549022435823,0.7460315805806325
3.6326318513271025,0.7426746436604912
3.6386088004106227,0.7393177067403498
3.6445857494941434,0.7359607698202082
3.6505626985776636,0.7326038329000669
3.656539647661184,0.7292468959799255
3.6625165967447044,0.725889959059784
3.6684935458282246,0.7225330221396427
3.674470494911745,0.7191760852195014
3.680447443995265,0.71581914829936
3.6864243930787857,0.7124622113792185
3.692401342162306,0.7091052744590771
3.698378291245826,0.7057483375389357
3.7043552403293467,0.7010096124780854
3.710332189412867,0.6958986760171703
3.716309138496387,0.690787739556255
3.7222860875799078,0.6856768030953395
3.728263036663428,0.6805658666344243
3.734239985746948,0.6754549301735091
3.7402169348304684,0.6703439937125939
3.746193883913989,0.6652330572516784
3.752170832997509,0.6601221207907632
3.7581477820810294,0.6550111843298481
3.76412473116455,0.6499002478689324
3.7701016802480702,0.6447893114080173
3.7760786293315904,0.6396783749471021
3.782055578415111,0.6345674384861866
3.7880325274986313,0.6294565020252714
3.7940094765821515,0.6243455655643562
3.7999864256656717,0.619234629103441
3.8059633747491923,0.6141236926425254
3.8119403238327125,0.6090127561816103
3.8179172729162327,0.6039018197206951
3.8238942219997534,0.5987908832597796
3.8298711710832736,0.5936799467988644
3.8358481201667938,0.5885690103379492
3.8418250692503144,0.5834580738770336
3.8478020183338346,0.5783471374161184
3.853778967417355,0.5732362009552032
3.859755916500875,0.5681252644942881
3.8657328655843957,0.5630143280333726
3.871709814667916,0.5579033915724574
3.877686763751436,0.553050495239602
3.8836637128349567,0.5490722022068381
3.889640661918477,0.5450939091740744
3.895617611001997,0.5411156161413108
3.9015945600855177,0.5371373231085468
3.907571509169038,0.5331590300757831
3.913548458252558,0.5291807370430195
3.9195254073360783,0.5252024440102558
3.925502356419599,0.5212241509774919
3.931479305503119,0.5172458579447282
3.9374562545866394,0.5132675649119646
3.94343320367016,0.5092892718792006
3.9494101527536802,0.5053109788464369
3.9553871018372004,0.5013326858136733
3.961364050920721,0.49735439278090937
3.9673410000042413,0.4933760997481457
3.9733179490877615,0.4893978067153821
3.9792948981712817,0.4854195136826184
3.9852718472548023,0.48144122064985445
3.9912487963383225,0.4774629276170908
3.9972257454218427,0.47348463458432716
4.003202694505363,0.4695063415515632
4.009179643588883,0.4655280485187998
4.015156592672404,0.4615497554860359
4.021133541755924,0.45757146245327196
4.027110490839444,0.4535931694205086
4.033087439922965,0.4496148763877446
4.0390643890064855,0.4456365833549807
4.045041338090005,0.4416582903222173
4.051018287173526,0.4376799972894534
4.0569952362570465,0.4337017042566894
4.062972185340566,0.4300301415530249
4.068949134424087,0.42668369506075876
4.0749260835076075,0.4233372485684926
4.080903032591127,0.4199908020762269
4.086879981674648,0.41664435558396073
4.092856930758169,0.4132979090916946
4.098833879841688,0.40995146259942894
4.104810828925209,0.40660501610716276
4.110787778008729,0.4032585696148971
4.116764727092249,0.3999121231226309
4.12274167617577,0.3965656766303648
4.12871862525929,0.3932192301380991
4.13469557434281,0.38987278364583294
4.140672523426331,0.38652633715356677
4.146649472509851,0.38317989066130115
4.1526264215933715,0.379833444169035
4.158603370676892,0.3764869976767688
4.164580319760412,0.3731405511845031
4.1705572688439325,0.36979410469223695
4.176534217927453,0.3664476581999708
4.182511167010973,0.36310121170770515
4.188488116094494,0.359754765215439
4.194465065178014,0.3564083187231728
4.200442014261534,0.3530618722309072
4.206418963345055,0.34946064756838013
4.212395912428575,0.34580997866772617
4.218372861512095,0.3421593097670727
4.224349810595616,0.33850864086641874
4.230326759679135,0.33485797196576533
4.236303708762656,0.3312073030651113
4.242280657846177,0.32755663416445735
4.2482576069296965,0.32390596526380394
4.254234556013217,0.32025529636315
4.260211505096738,0.31660462746249596
4.2661884541802575,0.31295395856184255
4.272165403263778,0.3093032896611886
4.278142352347299,0.30565262076053457
4.2841193014308185,0.30200195185988116
4.290096250514339,0.2983512829592272
4.29607319959786,0.2947006140585732
4.30205014868138,0.29104994515791976
4.3080270977649,0.2873992762572658
4.314004046848421,0.2837486073566118
4.319980995931941,0.2800979384559584
4.325957945015461,0.2764472695553044
4.331934894098982,0.27279660065465045
4.337911843182502,0.269145931753997
4.343888792266022,0.26545885298458677
4.349865741349542,0.26161604361547786
4.355842690433063,0.25777323424636844
4.361819639516583,0.253930424877259
4.367796588600103,0.2500876155081501
4.373773537683624,0.24624480613904068
4.379750486767144,0.24240199676993124
4.385727435850664,0.23855918740082235
4.391704384934185,0.2347163780317129
4.3976813340177054,0.23087356866260347
4.403658283101225,0.2270307592934946
4.409635232184746,0.22318794992438515
4.4156121812682665,0.2193451405552757
4.421589130351786,0.21550233118616682
4.427566079435307,0.21165952181705738
4.4335430285188275,0.20781671244794794
4.439519977602347,0.20397390307883906
4.445496926685868,0.20013109370972965
4.451473875769389,0.19628828434062018
4.457450824852908,0.19244547497151132
4.463427773936429,0.18860266560240185
4.469404723019949,0.184759856233293
4.475381672103469,0.18091704686418356
4.48135862118699,0.17627734547056276
4.48733557027051,0.17133373133426122
4.49331251935403,0.16639011719795896
4.499289468437551,0.1614465030616567
4.505266417521071,0.15650288892535516
4.5112433666045915,0.1515592747890529
4.517220315688112,0.1466156606527506
4.523197264771632,0.1416720465164491
4.5291742138551525,0.1367284323801468
4.535151162938673,0.13178481824384455
4.541128112022193,0.12684120410754302
4.5471050611057136,0.12189758997124076
4.553082010189234,0.1169539758349385
4.559058959272754,0.11201036169863696
4.565035908356275,0.1070667475623347
4.571012857439795,0.10212313342603242
4.576989806523315,0.09717951928973088
4.582966755606836,0.09223590515342862
4.588943704690355,0.08729229101712709
4.594920653773876,0.08283004877182165
4.600897602857397,0.0784840143662812
4.606874551940916,0.0741379799607414
4.612851501024437,0.06979194555520095
4.618828450107958,0.0654459111496605
4.6248053991914775,0.06109987674412071
4.630782348274998,0.05675384233858026
4.636759297358519,0.05240780793303981
4.6427362464420385,0.04806177352750001
4.648713195525559,0.043715739121959564
4.65469014460908,0.03936970471641912
4.6606670936926,0.035023670310879315
4.66664404277612,0.030677635905338868
4.672620991859641,0.02633160149979842
4.678597940943161,0.021985567094258626
4.684574890026681,0.01763953268871818
4.690551839110201,0.01329349828317837
4.696528788193722,0.008947463877637923
4.702505737277242,0.004601429472097476
4.708482686360762,0.0002553950665576815
4.714459635444283,-0.0040906393389827655
4.720436584527803,-0.008436673744523213
4.726413533611323,-0.012782708150063021
4.732390482694844,-0.017128742555603454
4.738367431778364,-0.0214747769611439
4.744344380861884,-0.02582081136668371
4.750321329945405,-0.030166845772224157
4.756298279028925,-0.034512880177764604
4.762275228112445,-0.0388589145833044
4.768252177195966,-0.04320494898884486
4.7742291262794865,-0.04755098339438529
4.780206075363006,-0.05189701779992509
4.786183024446527,-0.05624305220546555
4.7921599735300475,-0.06058908661100598
4.798136922613567,-0.0649351210165458
4.804113871697088,-0.06928115542208624
4.810090820780608,-0.07362718982762603
4.816067769864128,-0.0779732242331665
4.822044718947649,-0.08231925863870693
4.828021668031169,-0.08666529304424672
4.833998617114689,-0.09101132744978718
4.83997556619821,-0.09532071821534335
4.84595251528173,-0.09957983193277235
4.85192946436525,-0.10383894565020199
4.857906413448771,-0.10809805936763162
4.863883362532291,-0.11235717308506062
4.8698603116158115,-0.11661628680249025
4.875837260699332,-0.12087540051991988
4.881814209782852,-0.1251345142373489
4.8877911588663725,-0.12939362795477852
4.893768107949893,-0.13365274167220814
4.899745057033413,-0.13791185538963716
4.9057220061169335,-0.14217096910706678
4.911698955200454,-0.1464300828244964
4.917675904283974,-0.15068919654192542
4.923652853367495,-0.15494831025935504
4.929629802451014,-0.15920742397678406
4.935606751534535,-0.16346653769421368
4.941583700618056,-0.1677256514116433
4.947560649701575,-0.1719847651290723
4.953537598785096,-0.17624387884650194
4.959514547868617,-0.1805029925639316
4.965491496952136,-0.18476210628136058
4.971468446035657,-0.1890212199987902
4.977445395119178,-0.19328033371621983
4.9834223442026975,-0.1998073264623036
4.989399293286218,-0.20699803793328875
4.995376242369739,-0.21418874940427388
5.0013531914532585,-0.22137946087525795
5.007330140536779,-0.22857017234624308
5.0133070896203,-0.2357608838172282
5.01928403870382,-0.24295159528821228
5.02526098778734,-0.2501423067591974
5.031237936870861,-0.25733301823018256
5.037214885954381,-0.2645237297011666
5.043191835037901,-0.27171444117215177
5.049168784121421,-0.2789051526431358
5.055145733204942,-0.28609586411412097
5.061122682288462,-0.2935150817382842
5.067099631371982,-0.30100363332936814
5.073076580455503,-0.30849218492045316
5.079053529539023,-0.3159807365115382
5.085030478622543,-0.3234692881026221
5.091007427706064,-0.3309578396937071
5.096984376789584,-0.33844639128479215
5.102961325873104,-0.34593494287587606
5.108938274956625,-0.3534234944669611
5.114915224040145,-0.3609120460580461
5.120892173123665,-0.36840059764913
5.126869122207186,-0.37588914924021505
5.1328460712907065,-0.3833777008313001
5.138823020374226,-0.39086625242238404
5.144799969457747,-0.398354804013469
5.150776918541267,-0.40679329285670834
5.156753867624787,-0.4166805211293129
5.162730816708308,-0.42656774940191755
5.168707765791828,-0.4364549776745207
5.174684714875348,-0.44634220594712526
5.180661663958869,-0.4562294342197299
5.186638613042389,-0.466116662492333
5.192615562125909,-0.4760038907649376
5.19859251120943,-0.48589111903754223
5.20456946029295,-0.49577834731014536
5.21054640937647,-0.5029474619584036
5.216523358459991,-0.5099333098547167
5.222500307543511,-0.5169191577510288
5.2284772566270314,-0.523905005647342
5.234454205710552,-0.5308908535436552
5.240431154794072,-0.5378767014399672
5.2464081038775925,-0.5448625493362804
5.252385052961113,-0.5518483972325936
5.258362002044633,-0.5588342451289057
5.2643389511281535,-0.5658200930252189
5.270315900211673,-0.5728059409215309
5.276292849295194,-0.5797917888178441
5.282269798378715,-0.5867776367141573
5.288246747462234,-0.5937634846104693
5.294223696545755,-0.6007493325067825
5.300200645629276,-0.6077351804030957
5.306177594712795,-0.6147210282994078
5.312154543796316,-0.621706876195721
5.318131492879837,-0.628692724092034
5.324108441963356,-0.6356785719883462
5.330085391046877,-0.6426644198846594
5.336062340130398,-0.6496502677809725
5.3420392892139175,-0.6566361156772846
5.348016238297438,-0.6636219635735977
5.353993187380959,-0.6706078114699109
5.3599701364644785,-0.6775936593662231
5.365947085547999,-0.6845795072625361
5.37192403463152,-0.6915653551588493
5.3779009837150396,-0.6985512030551614
5.38387793279856,-0.7055370509514746
5.38985488188208,-0.7125228988477867
5.395831830965601,-0.7195398200390104
5.401808780049121,-0.7291010957311994
5.407785729132641,-0.7386623714233871
5.413762678216162,-0.7482236471155761
5.419739627299682,-0.7577849228077651
5.425716576383202,-0.7673461984999527
5.431693525466723,-0.7769074741921417
5.437670474550243,-0.7864687498843307
5.443647423633763,-0.7960300255765183
5.449624372717284,-0.8055913012687073
5.455601321800804,-0.8151525769608963
5.461578270884324,-0.8247138526530838
5.467555219967845,-0.8342751283452728
5.473532169051365,-0.8438364040374619
5.479509118134885,-0.8533976797296494
5.485486067218406,-0.8629589554218384
5.4914630163019265,-0.8725202311140274
5.497439965385446,-0.8810104977242682
5.503416914468967,-0.8882357799234792
5.509393863552487,-0.8954610621226892
5.515370812636007,-0.9026863443219001
5.521347761719528,-0.9099116265211111
5.527324710803048,-0.917136908720321
5.533301659886568,-0.9243621909195321
5.539278608970089,-0.931587473118743
5.545255558053609,-0.9388127553179529
5.551232507137129,-0.946038037517164
5.55720945622065,-0.953263319716375
5.56318640530417,-0.9604886019155849
5.56916335438769,-0.9677138841147959
5.575140303471211,-0.9749391663140069
5.581117252554731,-0.9821644485132168
5.587094201638251,-0.9893897307124279
5.593071150721772,-0.9966150129116389
5.599048099805292,-1.0038402951108487
5.6050250488888125,-1.0110655773100599
5.611001997972333,-1.0187700979672438
5.616978947055853,-1.0268826955242514
5.6229558961393735,-1.0349952930812603
5.628932845222893,-1.043107890638268
5.634909794306414,-1.0512204881952767
5.640886743389935,-1.0593330857522856
5.646863692473454,-1.0674456833092933
5.652840641556975,-1.0755582808663022
5.658817590640496,-1.083670878423311
5.664794539724015,-1.0917834759803187
5.670771488807536,-1.0998960735373275
5.676748437891057,-1.1080086710943364
5.682725386974576,-1.116121268651344
5.688702336058097,-1.1242338662083529
5.694679285141618,-1.1323464637653617
5.7006562342251375,-1.1404590613223693
5.706633183308658,-1.1485716588793782
5.712610132392179,-1.156684256436387
5.7185870814756985,-1.1658346791954175
5.724564030559219,-1.1752379172728595
5.730540979642739,-1.1846411553503002
5.7365179287262595,-1.194044393427742
5.74249487780978,-1.203447631505184
5.7484718268933,-1.2128508695826248
5.754448775976821,-1.2222541076600666
5.760425725060341,-1.2316573457375086
5.766402674143861,-1.2410605838149493
5.772379623227382,-1.2504638218923911
5.778356572310902,-1.2598670599698332
5.784333521394422,-1.2692702980472739
5.790310470477943,-1.2786735361247157
5.796287419561463,-1.289743715231894
5.802264368644983,-1.3012365617709882
5.808241317728504,-1.3127294083100842
5.814218266812024,-1.3242222548491802
5.820195215895544,-1.3357151013882744
5.826172164979065,-1.3472079479273704
5.832149114062585,-1.3587007944664662
5.838126063146105,-1.3701936410055604
5.844103012229626,-1.3816864875446564
5.850079961313146,-1.3931793340837506
5.856056910396666,-1.4047777384335007
5.862033859480187,-1.4169466347690138
5.868010808563707,-1.4291155311045252
5.873987757647227,-1.4412844274400385
5.879964706730748,-1.4534533237755516
5.885941655814268,-1.465622220111063
5.891918604897788,-1.4777911164465762
5.897895553981309,-1.4899600127820893
5.903872503064829,-1.5021289091176007
5.909849452148349,-1.514297805453114
5.91582640123187,-1.5251945382469518
5.92180335031539,-1.5355381001321367
5.92778029939891,-1.545881662017323
5.933757248482431,-1.5562252239025094
5.939734197565951,-1.566568785787694
5.945711146649471,-1.5769123476728804
5.951688095732992,-1.5872559095580667
5.957665044816512,-1.5975994714432515
5.9636419939000325,-1.6079430333284377
5.969618942983552,-1.6182865952136225
5.975595892067073,-1.6286301570988089
5.9815728411505935,-1.6389737189839952
5.987549790234113,-1.647591050808811
5.993526739317634,-1.6559571670394762
5.9995036884011546,-1.6643232832701416
6.005480637484674,-1.6726893995008054
6.011457586568195,-1.6810555157314708
6.017434535651716,-1.689421631962136
6.023411484735235,-1.6977877481928
6.029388433818756,-1.7061538644234655
6.035365382902277,-1.7145199806541307
6.041342331985796,-1.7180688545479077
6.047319281069317,-1.714792613226808
6.053296230152838,-1.7115163719057083
6.059273179236357,-1.708240130584609
6.065250128319878,-1.7049638892635093
6.071227077403399,-1.7016876479424095
6.0772040264869185,-1.6984114066213103
6.083180975570439,-1.6951351653002105
6.089157924653959,-1.6918589239791113
6.0951348737374795,-1.6885826826580115
6.101111822821,-1.6853064413369119
6.10708877190452,-1.6820302000158125
6.113065720988041,-1.6787539586947129
6.119042670071561,-1.675477717373613
6.125019619155081,-1.672201476052514
6.130996568238602,-1.6685033725720533
6.136973517322122,-1.655320401541914
6.142950466405642,-1.6421374305117766
6.148927415489163,-1.6289544594816374
6.154904364572683,-1.615771488451498
6.160881313656203,-1.6025885174213608
6.166858262739724,-1.5894055463912213
6.172835211823244,-1.5762225753610821
6.178812160906764,-1.5590560993153733
6.184789109990285,-1.5416719616932113
6.1907660590738045,-1.524287824071052
6.196743008157325,-1.50690368644889
6.202719957240846,-1.489519548826728
6.2086969063243655,-1.4721354112045686
6.214673855407886,-1.4547512735824066
6.220650804491407,-1.4373671359602447
6.226627753574927,-1.4311099979560171
6.232604702658447,-1.4302987382003163
6.238581651741968,-1.4294874784446154
6.244558600825488,-1.4286762186889146
6.250535549909008,-1.4278649589332137
6.256512498992529,-1.427053699177513
6.262489448076049,-1.426242439421812
6.268466397159569,-1.4254311796661112
6.27444334624309,-1.4246199199104104
6.28042029532661,-1.4238086601547095
6.28639724441013,-1.4229974003990087
6.292374193493651,-1.4221861406433078
6.298351142577171,-1.421374880887607
6.304328091660691,-1.4205636211319062
6.310305040744211,-1.4197523613762053
6.316281989827732,-1.4189411016205045
6.3222589389112525,-1.4181298418648036
6.328235887994772,-1.417318582109103
6.334212837078293,-1.4149895929594865
6.3401897861618135,-1.4125558136923837
6.346166735245333,-1.4101220344252814
6.352143684328854,-1.4076882551581789
6.3581206334123745,-1.405254475891076
6.364097582495894,-1.4028206966239738
6.370074531579415,-1.4003869173568713
6.376051480662936,-1.3979531380897685
6.382028429746455,-1.3955193588226662
6.388005378829976,-1.3930855795555634
6.393982327913497,-1.390651800288461
6.399959276997016,-1.3882180210213586
6.405936226080537,-1.3857842417542559
6.411913175164058,-1.3833504624871533
6.417890124247577,-1.380916683220051
6.423867073331098,-1.3784829039529483
6.429844022414618,-1.376049124685846
6.4358209714981385,-1.3730300414706729
6.441797920581659,-1.367661410734417
6.447774869665179,-1.362292779998162
6.4537518187486995,-1.3569241492619062
6.45972876783222,-1.3515555185256503
6.46570571691574,-1.3461868877893952
6.471682665999261,-1.3408182570531393
6.477659615082781,-1.3354496263168836
6.483636564166301,-1.3300809955806285
6.489613513249822,-1.3247123648443726
6.495590462333342,-1.319343734108117
6.501567411416862,-1.3139751033718619
6.507544360500383,-1.308606472635606
6.513521309583903,-1.3032378418993502
6.519498258667423,-1.2978692111630952
6.525475207750944,-1.2925005804268392
6.531452156834464,-1.2871319496905833
6.537429105917984,-1.2817633189543283
6.543406055001505,-1.2763946882180726
6.5493830040850245,-1.2710260574818175
6.555359953168545,-1.2654367502396655
6.561336902252066,-1.25783119002997
6.5673138513355855,-1.2502256298202752
6.573290800419106,-1.2426200696105794
6.579267749502627,-1.2350145094008838
6.585244698586147,-1.227408949191189
6.591221647669667,-1.2198033889814934
6.597198596753188,-1.2121978287717976
6.603175545836708,-1.204592268562103
6.609152494920228,-1.1969867083524073
6.615129444003749,-1.1893811481427117
6.621106393087269,-1.181775587933017
6.627083342170789,-1.1741700277233214
6.63306029125431,-1.1665644675136255
6.63903724033783,-1.158958907303931
6.64501418942135,-1.156995836519445
6.65099113850487,-1.1555917330961167
6.656968087588391,-1.1541876296727882
6.662945036671911,-1.1527835262494597
6.668921985755431,-1.1513794228261316
6.674898934838952,-1.149975319402803
6.6808758839224724,-1.1485712159794745
6.686852833005992,-1.1471671125561465
6.692829782089513,-1.145763009132818
6.6988067311730335,-1.1443589057094894
6.704783680256553,-1.142954802286161
6.710760629340074,-1.1415506988628328
6.7167375784235945,-1.1401465954395043
6.722714527507114,-1.138742492016176
6.728691476590635,-1.1373383885928476
6.734668425674156,-1.134847014345307
6.740645374757675,-1.1314245122509443
6.746622323841196,-1.1280020101565813
6.752599272924717,-1.1245795080622183
6.758576222008236,-1.1211570059678557
6.764553171091757,-1.1177345038734925
6.770530120175277,-1.11431200177913
6.776507069258797,-1.110889499684767
6.782484018342318,-1.1074669975904037
6.788460967425838,-1.1040444954960411
6.7944379165093585,-1.100621993401678
6.800414865592879,-1.097199491307315
6.806391814676399,-1.0937769892129523
6.8123687637599195,-1.0903544871185893
6.81834571284344,-1.0869319850242263
6.82432266192696,-1.0835094829298637
6.8302996110104806,-1.0800869808355005
6.836276560094001,-1.0766644787411375
6.842253509177521,-1.073241976646775
6.848230458261042,-1.0697015316918144
6.854207407344562,-1.0660888905922088
6.860184356428082,-1.0624762494926039
6.866161305511603,-1.0588636083929983
6.872138254595123,-1.0552509672933927
6.878115203678643,-1.0516383261937878
6.884092152762164,-1.0480256850941823
6.890069101845683,-1.0444130439945774
6.896046050929204,-1.040800402894972
6.902023000012725,-1.0371877617953664
6.9079999490962445,-1.0335751206957615
6.913976898179765,-1.029962479596156
6.919953847263286,-1.0263498384965504
6.9259307963468055,-1.0227371973969455
6.931907745430326,-1.01912455629734
6.937884694513847,-1.0155119151977345
6.943861643597367,-1.0118992740981294
6.949838592680887,-1.008286632998524
6.955815541764408,-1.0046739918989185
6.961792490847928,-1.0010613507993136
6.967769439931448,-0.997448709699708
6.973746389014969,-0.9938360686001024
6.979723338098489,-0.9902234275004975
6.985700287182009,-0.9866107864008921
6.99167723626553,-0.9829981453012865
6.99765418534905,-0.9793855042016816
7.00363113443257,-0.975772863102076
7.00960808351609,-0.9721602220024711
7.015585032599611,-0.9685475809028656
7.021561981683131,-0.9649349398032601
7.027538930766651,-0.9613222987036552
7.033515879850172,-0.9577096576040496
7.039492828933692,-0.9540970165044441
7.045469778017212,-0.9504843754048391
7.051446727100733,-0.9468717343052336
7.0574236761842535,-0.9432590932056282
7.063400625267773,-0.9396464521060232
7.069377574351294,-0.9360338110064177
7.0753545234348145,-0.9325701503623036
7.081331472518334,-0.929147648267941
7.087308421601855,-0.9257251461735779
7.093285370685376,-0.9223026440792148
7.099262319768895,-0.9188801419848522
7.105239268852416,-0.9154576398904891
7.111216217935937,-0.912035137796126
7.117193167019456,-0.9086126357017634
7.123170116102977,-0.9051901336074003
7.129147065186497,-0.9017676315130377
7.135124014270017,-0.8983451294186746
7.141100963353538,-0.8949226273243115
7.147077912437058,-0.8915001252299489
7.1530548615205785,-0.8880776231355858
7.159031810604099,-0.8846551210412227
7.165008759687619,-0.8812326189468601
7.1709857087711395,-0.877810116852497
7.17696265785466,-0.8743876147581339
7.18293960693818,-0.8709651126637713
7.1889165560217005,-0.8696262677732965
7.194893505105221,-0.8686121930786704
7.200870454188741,-0.8675981183840445
7.206847403272262,-0.8665840436894184
7.212824352355782,-0.8655699689947923
7.218801301439302,-0.8645558943001663
7.224778250522823,-0.8635418196055402
7.230755199606342,-0.8625277449109143
7.236732148689863,-0.8615136702162882
7.242709097773384,-0.8604995955216621
7.248686046856903,-0.8594855208270361
7.254662995940424,-0.8584714461324101
7.260639945023945,-0.857457371437784
7.2666168941074645,-0.856443296743158
7.272593843190985,-0.8554292220485319
7.278570792274506,-0.8544151473539058
7.2845477413580255,-0.8534010726592799
7.290524690441546,-0.8523869979646538
7.296501639525067,-0.8513729232700277
7.302478588608587,-0.8503588485754017
7.308455537692107,-0.8493447738807756
7.314432486775628,-0.8483306991861496
7.320409435859148,-0.8473166244915236
7.326386384942668,-0.8463025497968975
7.332363334026189,-0.8452884751022713
7.338340283109709,-0.8442744004076455
7.344317232193229,-0.8432603257130193
7.350294181276749,-0.8422462510183933
7.35627113036027,-0.840777289333
7.36224807944379,-0.8388302659193179
7.36822502852731,-0.8368832425056361
7.374201977610831,-0.8349362190919539
7.380178926694351,-0.8329891956782718
7.386155875777871,-0.83104217226459
7.392132824861392,-0.8290951488509078
7.398109773944912,-0.8271481254372257
7.404086723028432,-0.8252011020235439
7.410063672111953,-0.8232540786098618
7.4160406211954735,-0.8213070551961796
7.422017570278993,-0.8193600317824978
7.427994519362514,-0.8174130083688157
7.4339714684460345,-0.8154659849551336
7.439948417529554,-0.8135189615414518
7.445925366613075,-0.8115719381277696
7.451902315696596,-0.8096249147140875
7.457879264780115,-0.8076778913004057
7.463856213863636,-0.8057308678867235
7.469833162947156,-0.8037838444730417
7.475810112030676,-0.8018368210593596
7.481787061114197,-0.7998897976456775
7.487764010197717,-0.7979427742319957
7.493740959281237,-0.7959957508183135
7.499717908364758,-0.7940487274046314
7.505694857448278,-0.7921017039909496
7.5116718065317984,-0.7901546805772675
7.517648755615319,-0.7882076571635853
7.523625704698839,-0.7862606337499035
7.5296026537823595,-0.7843136103362214
7.53557960286588,-0.7789318193875714
7.5415565519494,-0.7732819746603696
7.5475335010329205,-0.767632129933167
7.553510450116441,-0.7619822852059644
7.559487399199961,-0.7563324404787627
7.565464348283482,-0.75068259575156
7.571441297367002,-0.7450327510243575
7.577418246450522,-0.7393829062971558
7.583395195534043,-0.7337330615699531
7.589372144617562,-0.7280832168427515
7.595349093701083,-0.7224333721155488
7.601326042784604,-0.7167835273883463
7.607302991868123,-0.7111336826611445
7.613279940951644,-0.7054838379339419
7.619256890035165,-0.6998339932067393
7.6252338391186845,-0.6941841484795376
7.631210788202205,-0.6879924631723212
7.637187737285726,-0.6808939403099384
7.6431646863692455,-0.6737954174475568
7.649141635452766,-0.666696894585174
7.655118584536287,-0.6595983717227912
7.6610955336198066,-0.6524998488604096
7.667072482703327,-0.6454013259980268
7.673049431786848,-0.638302803135644
7.679026380870368,-0.6312042802732624
7.685003329953888,-0.6241057574108796
7.690980279037408,-0.6170072345484978
7.696957228120929,-0.609908711686115
7.702934177204449,-0.6028101888237324
7.708911126287969,-0.5957116659613506
7.71488807537149,-0.589815350600672
7.72086502445501,-0.5892069057838965
7.72684197353853,-0.5885984609671209
7.732818922622051,-0.5879900161503452
7.738795871705571,-0.5873815713335695
7.744772820789091,-0.5867731265167939
7.750749769872612,-0.5861646817000182
7.756726718956132,-0.5855562368832427
7.762703668039652,-0.5849477920664671
7.768680617123173,-0.5843393472496914
7.7746575662066935,-0.5837309024329157
7.780634515290213,-0.5831224576161401
7.786611464373734,-0.5825140127993644
7.7925884134572545,-0.5819055679825889
7.798565362540774,-0.5812971231658133
7.804542311624295,-0.5806886783490376
7.810519260707815,-0.580080233532262
7.816496209791335,-0.5794717887154863
7.822473158874856,-0.5788633438987106
7.828450107958376,-0.5782548990819351
7.834427057041896,-0.5776464542651595
7.840404006125417,-0.5770380094483838
7.846380955208937,-0.5764295646316082
7.852357904292457,-0.5758211198148325
7.858334853375978,-0.5739051016089896
7.864311802459498,-0.5708628775251117
7.870288751543018,-0.5678206534412333
7.876265700626539,-0.564778429357355
7.882242649710059,-0.5617362052734771
7.8882195987935795,-0.5586939811895988
7.8941965478771,-0.5556517571057206
7.90017349696062,-0.5526095330218427
7.9061504460441405,-0.5495673089379643
7.912127395127661,-0.546525084854086
7.918104344211181,-0.5434828607702081
7.924081293294702,-0.5404406366863298
7.930058242378221,-0.537398412602452
7.936035191461742,-0.5343561885185737
7.942012140545263,-0.5313139644346954
7.947989089628782,-0.5282717403508175
7.953966038712303,-0.5252295162669391
7.959942987795824,-0.5221872921830608
7.965919936879343,-0.519145068099183
7.971896885962864,-0.5170996032776212
7.977873835046385,-0.5156679684146196
7.9838507841299045,-0.5142363335516182
7.989827733213425,-0.5128046986886168
7.995804682296946,-0.5113730638256152
8.001781631380465,-0.5099414289626139
8.007758580463985,-0.5085097940996125
8.013735529547507,-0.5070781592366107
8.019712478631027,-0.5056465243736095
8.025689427714546,-0.5042148895106081
8.031666376798068,-0.5027832546476063
8.037643325881588,-0.501351619784605
8.043620274965107,-0.49991998492160367
8.049597224048629,-0.49848835005860187
8.055574173132149,-0.4970567151956006
8.061551122215668,-0.4956250803325992
8.06752807129919,-0.4941934454695975
8.07350502038271,-0.49276181060659613
8.07948196946623,-0.4913301757435948
8.085458918549751,-0.48989854088059304
8.09143586763327,-0.4889459380874654
8.09741281671679,-0.48843890074015245
8.103389765800312,-0.4879318633928393
8.109366714883832,-0.48742482604552634
8.115343663967352,-0.48691778869821334
8.121320613050873,-0.48641075135090023
8.127297562134393,-0.48590371400358723
8.133274511217913,-0.4853966766562743
8.139251460301434,-0.4848896393089611
8.145228409384954,-0.4843826019616482
8.151205358468474,-0.4838755646143352
8.157182307551995,-0.48336852726702206
8.163159256635515,-0.48286148991970906
8.169136205719035,-0.48235445257239606
8.175113154802556,-0.4809598205052573
8.181090103886076,-0.47775747936433316
8.187067052969596,-0.47455513822340906
8.193044002053117,-0.47135279708248395
8.199020951136637,-0.46815045594155985
8.204997900220157,-0.4649481148006357
8.210974849303676,-0.4617457736597116
8.216951798387198,-0.4585434325187865
8.222928747470718,-0.4553410913778624
8.228905696554238,-0.4521387502369383
8.234882645637759,-0.4489364090960132
8.240859594721279,-0.4457340679550891
8.246836543804799,-0.4425317268141649
8.25281349288832,-0.43932938567323987
8.25879044197184,-0.4361270445323157
8.26476739105536,-0.4329247033913916
8.270744340138881,-0.4297223622504665
8.276721289222401,-0.4265200211095424
8.28269823830592,-0.42331767996861824
8.288675187389442,-0.4201153388276932
8.294652136472962,-0.41691299768676904
8.300629085556482,-0.41371065654584493
8.306606034640003,-0.41050831540491983
8.312582983723523,-0.40832016259741316
8.318559932807043,-0.4062920132081613
8.324536881890564,-0.4042638638189088
8.330513830974084,-0.4022357144296569
8.336490780057604,-0.400207565040405
8.342467729141125,-0.3981794156511525
8.348444678224645,-0.3961512662619006
8.354421627308165,-0.39412311687264867
8.360398576391686,-0.39209496748339623
8.366375525475206,-0.3900668180941443
8.372352474558726,-0.3880386687048924
8.378329423642247,-0.3860105193156399
8.384306372725767,-0.383982369926388
8.390283321809287,-0.3819542205371361
8.396260270892808,-0.3799260711478836
8.402237219976328,-0.37789792175863174
8.408214169059848,-0.37586977236937985
8.41419111814337,-0.3740575366837382
8.42016806722689,-0.3737195117855296
8.426145016310409,-0.3733814868873209
8.43212196539393,-0.37304346198911215
8.43809891447745,-0.37270543709090354
8.44407586356097,-0.37236741219269487
8.45005281264449,-0.3720293872944862
8.456029761728011,-0.3716913623962775
8.462006710811531,-0.3713533374980688
8.46798365989505,-0.3710153125998602
8.473960608978572,-0.3706772877016514
8.479937558062092,-0.3703392628034428
8.485914507145612,-0.37000123790523415
8.491891456229133,-0.3696632130070254
8.497868405312653,-0.36932518810881676
8.503845354396173,-0.3689871632106081
8.509822303479694,-0.36864913831239937
8.515799252563214,-0.3683111134141907
8.521776201646734,-0.3679730885159821
8.527753150730256,-0.3676350636177733
8.533730099813775,-0.36729703871956465
8.539707048897295,-0.36695901382135604
8.545683997980817,-0.36390887290167956
8.551660947064336,-0.3603596114704887
8.557637896147856,-0.35681035003929795
8.563614845231378,-0.35326108860810607
8.569591794314897,-0.3497118271769153
8.575568743398417,-0.34616256574572446
8.581545692481939,-0.3426133043145326
8.587522641565458,-0.3390640428833418
8.593499590648978,-0.33551478145215097
8.5994765397325,-0.3319655200209591
8.60545348881602,-0.3284162585897683
8.61143043789954,-0.3248669971585775
8.61740738698306,-0.32131773572738564
8.62338433606658,-0.3177684742961948
8.6293612851501,-0.31631205169329707
8.635338234233622,-0.31595414297754665
8.641315183317142,-0.3155962342617963
8.647292132400661,-0.31523832554604597
8.653269081484183,-0.3148804168302955
8.659246030567703,-0.31452250811454513
8.665222979651222,-0.3141645993987948
8.671199928734744,-0.31380669068304434
8.677176877818264,-0.31344878196729403
8.683153826901783,-0.31309087325154367
8.689130775985303,-0.31273296453579336
8.695107725068825,-0.3123750558200429
8.701084674152344,-0.31201714710429257
8.707061623235864,-0.3116592383885422
8.713038572319386,-0.3113013296727917
8.719015521402905,-0.3109434209570414
8.724992470486425,-0.31058551224129105
8.730969419569947,-0.31022760352554063
8.736946368653467,-0.30986969480979026
8.742923317736986,-0.30951178609403995
8.748900266820508,-0.3093525179856115
8.754877215904028,-0.3093525179856115
8.760854164987547,-0.3093525179856115
8.766831114071069,-0.3093525179856115
8.772808063154589,-0.3093525179856115
8.778785012238108,-0.3093525179856115
8.78476196132163,-0.3093525179856115
8.79073891040515,-0.3093525179856115
8.79671585948867,-0.3093525179856115
8.802692808572191,-0.3093525179856115
8.80866975765571,-0.3093525179856115
8.81464670673923,-0.3093525179856115
8.820623655822752,-0.3093525179856115
8.826600604906272,-0.3093525179856115
8.832577553989791,-0.3093525179856115
8.838554503073313,-0.3093525179856115
8.844531452156833,-0.3093525179856115
8.850508401240353,-0.3093525179856115
8.856485350323874,-0.3093525179856115
8.862462299407394,-0.3093525179856115
8.868439248490914,-0.3093525179856115
8.874416197574435,-0.3093525179856115
8.880393146657955,-0.3093525179856115
8.886370095741475,-0.3093525179856115
8.892347044824996,-0.3093525179856115
8.898323993908516,-0.3093525179856115
8.904300942992036,-0.3093525179856115
8.910277892075555,-0.3081736291638969
8.916254841159077,-0.3048973878427967
8.922231790242597,-0.30162114652169747
8.928208739326116,-0.29834490520059825
8.934185688409638,-0.2950686638794981
8.940162637493158,-0.2917924225583989
8.946139586576678,-0.28851618123729966
8.952116535660199,-0.28523993991619945
8.958093484743719,-0.28196369859510023
8.964070433827239,-0.278687457274001
8.97004738291076,-0.27541121595290086
8.97602433199428,-0.27213497463180164
8.9820012810778,-0.2688587333107024
8.987978230161321,-0.26558249198960227
8.993955179244841,-0.26230625066850305
8.99993212832836,-0.25903000934740383
9.005909077411882,-0.2557537680263036
9.011886026495402,-0.2524775267052044
9.017862975578922,-0.24920128538410521
9.023839924662443,-0.24592504406300503
9.029816873745963,-0.2426488027419058
9.035793822829483,-0.2393725614208066
9.041770771913004,-0.23609632009970644
9.047747720996524,-0.23282007877860722
9.053724670080044,-0.229543837457508
9.059701619163565,-0.2262675961364078
9.065678568247085,-0.2229913548153086
9.071655517330605,-0.21971511349420939
9.077632466414126,-0.2164388721731092
9.083609415497646,-0.21316263085200998
9.089586364581166,-0.20988638953091077
9.095563313664687,-0.20800694378470838
9.101540262748207,-0.2069928690900824
9.107517211831727,-0.20597879439545647
9.113494160915248,-0.20496471970083022
9.119471109998768,-0.20395064500620425
9.125448059082288,-0.2029365703115783
9.13142500816581,-0.20192249561695205
9.13740195724933,-0.20090842092232608
9.143378906332849,-0.19989434622770014
9.149355855416369,-0.1988802715330742
9.15533280449989,-0.19786619683844792
9.16130975358341,-0.19685212214382197
9.16728670266693,-0.195838047449196
9.173263651750451,-0.19482397275456975
9.179240600833971,-0.1938098980599438
9.18521754991749,-0.19279582336531784
9.191194499001012,-0.1917817486706916
9.197171448084532,-0.19076767397606564
9.203148397168052,-0.18975359928143967
9.209125346251573,-0.18873952458681342
9.215102295335093,-0.18772544989218748
9.221079244418613,-0.1867113751975615
9.227056193502134,-0.18569730050293526
9.233033142585654,-0.18468322580830931
9.239010091669174,-0.18366915111368334
9.244987040752696,-0.1826550764190571
9.250963989836215,-0.18164100172443115
9.256940938919735,-0.18062692702980518
9.262917888003257,-0.17945067715335575
9.268894837086776,-0.17776055266231247
9.274871786170296,-0.17607042817126922
9.280848735253818,-0.17438030368022545
9.286825684337337,-0.17269017918918217
9.292802633420857,-0.1710000546981389
9.298779582504379,-0.16930993020709512
9.304756531587898,-0.16761980571605184
9.310733480671418,-0.1659296812250086
9.31671042975494,-0.16423955673396481
9.32268737883846,-0.16254943224292154
9.32866432792198,-0.16085930775187826
9.3346412770055,-0.15916918326083448
9.34061822608902,-0.15747905876979124
9.34659517517254,-0.15578893427874796
9.352572124256062,-0.15409880978770418
9.358549073339582,-0.1524086852966609
9.364526022423101,-0.15071856080561763
9.370502971506621,-0.14902843631457438
9.376479920590143,-0.1473383118235306
9.382456869673662,-0.14564818733248733
9.388433818757182,-0.14395806284144405
9.394410767840704,-0.14213858205152585
9.400387716924223,-0.14031324760119915
9.406364666007743,-0.13848791315087244
9.412341615091265,-0.1366625787005452
9.418318564174784,-0.1348372442502185
9.424295513258304,-0.1330119097998918
9.430272462341826,-0.13118657534956454
9.436249411425345,-0.12936124089923784
9.442226360508865,-0.12753590644891113
9.448203309592387,-0.12571057199858388
9.454180258675907,-0.12388523754825718
9.460157207759426,-0.12205990309793048
9.466134156842948,-0.12023456864760323
9.472111105926468,-0.11840923419727653
9.478088055009987,-0.11658389974694983
9.484065004093509,-0.11475856529662258
9.490041953177029,-0.11293323084629588
9.496018902260548,-0.11110789639596916
9.50199585134407,-0.10928256194564193
9.50797280042759,-0.10745722749531522
9.51394974951111,-0.10563189304498852
9.519926698594631,-0.10380655859466126
9.52590364767815,-0.10198122414433455
9.53188059676167,-0.1007194244604316
9.537857545845192,-0.1007194244604316
9.543834494928712,-0.1007194244604316
9.549811444012231,-0.1007194244604316
9.555788393095753,-0.1007194244604316
9.561765342179273,-0.1007194244604316
9.567742291262793,-0.1007194244604316
9.573719240346314,-0.1007194244604316
9.579696189429834,-0.1007194244604316
9.585673138513354,-0.1007194244604316
9.591650087596875,-0.1007194244604316
9.597627036680395,-0.1007194244604316
9.603603985763915,-0.1007194244604316
9.609580934847434,-0.1007194244604316
9.615557883930956,-0.1007194244604316
9.621534833014476,-0.1007194244604316
9.627511782097995,-0.1007194244604316
9.633488731181517,-0.1007194244604316
9.639465680265037,-0.1007194244604316
9.645442629348556,-0.1007194244604316
9.651419578432078,-0.1007194244604316
9.657396527515598,-0.10067278710045209
9.663373476599117,-0.0988474526501254
9.669350425682639,-0.09702211819979818
9.675327374766159,-0.0951967837494715
9.681304323849679,-0.09337144929914482
9.6872812729332,-0.0915461148488176
9.69325822201672,-0.0897207803984909
9.69923517110024,-0.08789544594816423
9.705212120183761,-0.08607011149783701
9.71118906926728,-0.08424477704751032
9.7171660183508,-0.08241944259718365
9.723142967434322,-0.08059410814685641
9.729119916517842,-0.07876877369652974
9.735096865601362,-0.07694343924620306
9.741073814684883,-0.07511810479587583
9.747050763768403,-0.07329277034554915
9.753027712851923,-0.07146743589522248
9.759004661935444,-0.06964210144489524
9.764981611018964,-0.06781676699456857
9.770958560102484,-0.06599143254424189
9.776935509186005,-0.06416609809391466
9.782912458269525,-0.062340763643587975
9.788889407353045,-0.06051542919326129
9.794866356436566,-0.05869009474293407
9.800843305520086,-0.056569390346068095
9.806820254603606,-0.05396176970274413
9.812797203687127,-0.0513541490594194
9.818774152770647,-0.04874652841609545
9.824751101854167,-0.04613890777277149
9.830728050937687,-0.04353128712944753
9.836705000021208,-0.0409236664861228
9.842681949104728,-0.03831604584279884
9.848658898188248,-0.03570842519947488
9.85463584727177,-0.03310080455615015
9.860612796355289,-0.030493183912826193
9.866589745438809,-0.027885563269502235
9.87256669452233,-0.025277942626177503
9.87854364360585,-0.02267032198285355
9.88452059268937,-0.020062701339529587
9.890497541772891,-0.017455080696204855
9.896474490856411,-0.014847460052880901
9.90245143993993,-0.01338578596906419
9.908428389023452,-0.012168896335512672
9.914405338106972,-0.010952006701961513
9.920382287190492,-0.009735117068410355
9.926359236274013,-0.008518227434858833
9.932336185357533,-0.007301337801307675
9.938313134441053,-0.006084448167756516
9.944290083524574,-0.004867558534204997
9.950267032608094,-0.0036506689006538372
9.956243981691614,-0.002433779267102679
9.962220930775135,-0.00121688963355116
9.968197879858655,0.0
